match_id,season,date,venue,city,team1,team2,toss_winner,toss_decision,winner,win_by_runs,win_by_wickets,player_of_match,first_innings_score,first_innings_wickets,second_innings_score,second_innings_wickets,result_type,highlights
1,2015,2015-04-13,Narendra Modi Stadium,BRSABV,Chennai Super Kings,Mumbai Indians,Mumbai Indians,Field,Chennai Super Kings,148,0,Pat Cummins,160,5,181,2,Normal,Last Over Thriller
2,2022,2022-05-18,PCA Stadium,HPCA,Sunrisers Hyderabad,Rajasthan Royals,Sunrisers Hyderabad,Field,Rajasthan Royals,0,0,KL Rahul,175,10,204,8,Tie,Close Match
3,2021,2021-04-29,PCA Stadium,M.,Sunrisers Hyderabad,Royal Challengers Bangalore,Royal Challengers Bangalore,Bat,Sunrisers Hyderabad,118,0,Bumrah,203,3,222,6,Normal,One-sided
4,2023,2023-03-17,PCA Stadium,DY,Mumbai Indians,Punjab Kings,Mumbai Indians,Field,Mumbai Indians,0,0,Rohit Sharma,140,6,109,8,Tie,Close Match
5,2014,2014-05-02,M. Chinnaswamy Stadium,HPCA,Royal Challengers Bangalore,Mumbai Indians,Mumbai Indians,Field,Mumbai Indians,0,0,Andre Russell,150,8,135,10,Tie,Close Match
6,2023,2023-03-25,M.A. Chidambaram Stadium,Narendra,Kolkata Knight Riders,Rajasthan Royals,Kolkata Knight Riders,Field,Kolkata Knight Riders,32,0,Shubman Gill,176,5,181,2,Normal,Close Match
7,2025,2025-03-29,Arun Jaitley Stadium,M.A.,Royal Challengers Bangalore,Punjab Kings,Punjab Kings,Bat,Punjab Kings,0,0,Rinku Singh,205,5,186,8,Tie,Dominant Win
8,2019,2019-05-24,Arun Jaitley Stadium,M.,Lucknow Super Giants,Kolkata Knight Riders,Lucknow Super Giants,Bat,Lucknow Super Giants,0,0,Jadeja,159,4,155,2,Tie,Last Over Thriller
9,2025,2025-04-26,HPCA Stadium,Wankhede,Royal Challengers Bangalore,Punjab Kings,Punjab Kings,Field,Punjab Kings,0,0,Chahal,127,9,97,6,Tie,Close Match
10,2021,2021-05-25,Sawai Mansingh Stadium,M.,Chennai Super Kings,Rajasthan Royals,Rajasthan Royals,Field,Rajasthan Royals,0,0,Rashid Khan,162,7,130,9,Tie,Last Over Thriller
11,2017,2017-04-15,Eden Gardens,Wankhede,Punjab Kings,Mumbai Indians,Punjab Kings,Field,Punjab Kings,0,0,KL Rahul,254,8,227,3,Tie,One-sided
12,2021,2021-05-13,BRSABV Ekana Stadium,Arun,Delhi Capitals,Lucknow Super Giants,Lucknow Super Giants,Bat,Delhi Capitals,0,0,Jasprit Bumrah,241,4,281,10,Tie,Dominant Win
13,2024,2024-03-29,BRSABV Ekana Stadium,Arun,Kolkata Knight Riders,Gujarat Titans,Kolkata Knight Riders,Field,Kolkata Knight Riders,82,0,Boult,250,7,278,3,Normal,Last Over Thriller
14,2020,2020-05-28,Narendra Modi Stadium,BRSABV,Lucknow Super Giants,Chennai Super Kings,Lucknow Super Giants,Bat,Chennai Super Kings,0,0,MS Dhoni,167,7,175,9,Normal,Last Over Thriller
15,2014,2014-05-15,HPCA Stadium,PCA,Delhi Capitals,Kolkata Knight Riders,Kolkata Knight Riders,Field,Delhi Capitals,112,0,Rinku Singh,241,10,233,9,Normal,Thrilling Finish
16,2018,2018-05-19,Narendra Modi Stadium,Eden,Royal Challengers Bangalore,Gujarat Titans,Gujarat Titans,Field,Royal Challengers Bangalore,149,0,Jadeja,157,3,160,10,Normal,Thrilling Finish
17,2018,2018-03-22,Rajiv Gandhi Stadium,Wankhede,Gujarat Titans,Chennai Super Kings,Chennai Super Kings,Bat,Chennai Super Kings,0,4,Pat Cummins,151,9,166,3,Normal,One-sided
18,2019,2019-05-15,M. Chinnaswamy Stadium,BRSABV,Mumbai Indians,Delhi Capitals,Mumbai Indians,Bat,Mumbai Indians,60,0,R Ashwin,184,9,178,6,Normal,One-sided
19,2021,2021-05-07,Sawai Mansingh Stadium,M.,Mumbai Indians,Sunrisers Hyderabad,Mumbai Indians,Field,Mumbai Indians,26,0,Boult,244,8,233,4,Normal,Dominant Win
20,2019,2019-05-28,Sawai Mansingh Stadium,Rajiv,Rajasthan Royals,Royal Challengers Bangalore,Royal Challengers Bangalore,Field,Rajasthan Royals,96,0,Pat Cummins,178,4,209,9,Normal,One-sided
21,2014,2014-03-15,DY Patil Stadium,DY,Lucknow Super Giants,Royal Challengers Bangalore,Lucknow Super Giants,Bat,Lucknow Super Giants,136,0,Boult,231,9,260,7,Normal,Close Match
22,2023,2023-05-14,Eden Gardens,M.A.,Mumbai Indians,Chennai Super Kings,Chennai Super Kings,Field,Chennai Super Kings,0,7,Rashid Khan,234,2,212,9,Normal,Close Match
23,2023,2023-05-08,M.A. Chidambaram Stadium,M.,Rajasthan Royals,Chennai Super Kings,Chennai Super Kings,Field,Rajasthan Royals,0,0,Jos Buttler,231,9,228,10,Tie,Last Over Thriller
24,2023,2023-03-26,PCA Stadium,Arun,Royal Challengers Bangalore,Mumbai Indians,Mumbai Indians,Field,Mumbai Indians,0,7,Hardik Pandya,190,2,161,4,Normal,Thrilling Finish
25,2022,2022-05-07,DY Patil Stadium,M.,Gujarat Titans,Mumbai Indians,Mumbai Indians,Bat,Gujarat Titans,59,0,Chahal,159,2,187,9,Normal,Thrilling Finish
26,2014,2014-04-15,Narendra Modi Stadium,Rajiv,Royal Challengers Bangalore,Sunrisers Hyderabad,Royal Challengers Bangalore,Field,Royal Challengers Bangalore,64,0,Shubman Gill,184,9,151,2,Normal,Close Match
27,2015,2015-04-13,BRSABV Ekana Stadium,M.,Gujarat Titans,Punjab Kings,Gujarat Titans,Field,Punjab Kings,0,0,Rinku Singh,173,6,211,6,Tie,Thrilling Finish
28,2022,2022-05-12,Sawai Mansingh Stadium,PCA,Chennai Super Kings,Lucknow Super Giants,Chennai Super Kings,Field,Chennai Super Kings,80,0,Jadeja,122,10,112,4,Normal,Close Match
29,2024,2024-05-24,Sawai Mansingh Stadium,DY,Gujarat Titans,Kolkata Knight Riders,Gujarat Titans,Field,Gujarat Titans,0,0,MS Dhoni,191,10,195,7,Tie,One-sided
30,2018,2018-04-21,Wankhede Stadium,M.,Gujarat Titans,Delhi Capitals,Delhi Capitals,Field,Gujarat Titans,98,0,Jasprit Bumrah,156,9,147,4,Normal,Thrilling Finish
31,2014,2014-03-24,Narendra Modi Stadium,M.,Sunrisers Hyderabad,Chennai Super Kings,Chennai Super Kings,Bat,Chennai Super Kings,0,9,Virat Kohli,227,7,217,5,Normal,One-sided
32,2021,2021-03-14,BRSABV Ekana Stadium,HPCA,Gujarat Titans,Royal Challengers Bangalore,Royal Challengers Bangalore,Bat,Gujarat Titans,41,0,Pat Cummins,193,9,191,10,Normal,One-sided
33,2016,2016-04-25,Eden Gardens,Eden,Mumbai Indians,Kolkata Knight Riders,Kolkata Knight Riders,Bat,Mumbai Indians,0,0,Andre Russell,224,4,262,8,Tie,Close Match
34,2019,2019-03-06,M. Chinnaswamy Stadium,Narendra,Kolkata Knight Riders,Sunrisers Hyderabad,Kolkata Knight Riders,Bat,Kolkata Knight Riders,98,0,Virat Kohli,164,8,140,5,Normal,Dominant Win
35,2019,2019-04-30,M. Chinnaswamy Stadium,M.,Gujarat Titans,Royal Challengers Bangalore,Royal Challengers Bangalore,Field,Royal Challengers Bangalore,0,1,Rinku Singh,260,8,267,9,Normal,One-sided
36,2018,2018-05-07,M.A. Chidambaram Stadium,DY,Mumbai Indians,Kolkata Knight Riders,Kolkata Knight Riders,Bat,Kolkata Knight Riders,0,7,David Warner,200,6,217,8,Normal,Dominant Win
37,2018,2018-05-26,M. Chinnaswamy Stadium,Sawai,Gujarat Titans,Rajasthan Royals,Rajasthan Royals,Bat,Rajasthan Royals,0,0,Rinku Singh,212,4,230,8,Tie,Thrilling Finish
38,2016,2016-03-23,Rajiv Gandhi Stadium,BRSABV,Punjab Kings,Mumbai Indians,Mumbai Indians,Field,Punjab Kings,142,0,Virat Kohli,245,8,285,9,Normal,Dominant Win
39,2019,2019-04-29,M.A. Chidambaram Stadium,M.A.,Gujarat Titans,Kolkata Knight Riders,Gujarat Titans,Bat,Gujarat Titans,56,0,Bumrah,129,2,126,10,Normal,One-sided
40,2016,2016-04-11,Eden Gardens,BRSABV,Gujarat Titans,Mumbai Indians,Mumbai Indians,Field,Mumbai Indians,0,7,Boult,209,3,228,9,Normal,One-sided
41,2015,2015-05-26,HPCA Stadium,Arun,Delhi Capitals,Mumbai Indians,Delhi Capitals,Bat,Mumbai Indians,0,0,MS Dhoni,144,9,177,4,Tie,Thrilling Finish
42,2020,2020-05-15,M. Chinnaswamy Stadium,HPCA,Chennai Super Kings,Rajasthan Royals,Chennai Super Kings,Field,Chennai Super Kings,26,0,Rohit Sharma,253,2,225,3,Normal,One-sided
43,2024,2024-04-13,Eden Gardens,Arun,Kolkata Knight Riders,Mumbai Indians,Kolkata Knight Riders,Field,Mumbai Indians,0,0,Boult,185,5,180,2,Tie,One-sided
44,2016,2016-05-23,BRSABV Ekana Stadium,BRSABV,Kolkata Knight Riders,Chennai Super Kings,Kolkata Knight Riders,Field,Chennai Super Kings,0,5,Narine,231,7,194,9,Normal,Dominant Win
45,2015,2015-04-25,Narendra Modi Stadium,DY,Lucknow Super Giants,Gujarat Titans,Gujarat Titans,Field,Lucknow Super Giants,116,0,KL Rahul,135,9,147,9,Normal,Thrilling Finish
46,2021,2021-03-14,Narendra Modi Stadium,Eden,Rajasthan Royals,Lucknow Super Giants,Lucknow Super Giants,Bat,Lucknow Super Giants,0,0,Bumrah,243,8,280,10,Tie,Dominant Win
47,2025,2025-05-28,DY Patil Stadium,Wankhede,Sunrisers Hyderabad,Rajasthan Royals,Sunrisers Hyderabad,Field,Rajasthan Royals,0,0,Virat Kohli,258,6,282,5,Normal,Last Over Thriller
48,2023,2023-04-03,Narendra Modi Stadium,M.A.,Mumbai Indians,Royal Challengers Bangalore,Royal Challengers Bangalore,Bat,Mumbai Indians,0,0,Chahal,132,9,126,4,Tie,Thrilling Finish
49,2015,2015-03-13,Rajiv Gandhi Stadium,M.,Punjab Kings,Sunrisers Hyderabad,Sunrisers Hyderabad,Field,Punjab Kings,0,0,Shubman Gill,142,2,150,6,Tie,Close Match
50,2024,2024-04-09,M. Chinnaswamy Stadium,Rajiv,Delhi Capitals,Mumbai Indians,Mumbai Indians,Bat,Delhi Capitals,60,0,Suryakumar Yadav,196,3,196,8,Normal,One-sided
51,2019,2019-03-14,M. Chinnaswamy Stadium,M.A.,Lucknow Super Giants,Sunrisers Hyderabad,Sunrisers Hyderabad,Field,Sunrisers Hyderabad,0,0,KL Rahul,221,5,256,9,Tie,Last Over Thriller
52,2019,2019-05-28,HPCA Stadium,PCA,Kolkata Knight Riders,Chennai Super Kings,Kolkata Knight Riders,Field,Kolkata Knight Riders,111,0,KL Rahul,234,2,259,4,Normal,Close Match
53,2025,2025-04-02,Eden Gardens,Narendra,Royal Challengers Bangalore,Sunrisers Hyderabad,Sunrisers Hyderabad,Bat,Sunrisers Hyderabad,0,1,Rashid Khan,130,3,161,7,Normal,Last Over Thriller
54,2017,2017-04-06,Eden Gardens,Narendra,Mumbai Indians,Punjab Kings,Punjab Kings,Field,Punjab Kings,0,7,Virat Kohli,191,5,178,5,Normal,Dominant Win
55,2019,2019-03-09,Wankhede Stadium,M.,Kolkata Knight Riders,Mumbai Indians,Kolkata Knight Riders,Bat,Kolkata Knight Riders,96,0,Rohit Sharma,195,4,194,7,Normal,Last Over Thriller
56,2022,2022-03-28,Arun Jaitley Stadium,Eden,Delhi Capitals,Kolkata Knight Riders,Delhi Capitals,Field,Delhi Capitals,117,0,Jasprit Bumrah,242,9,231,2,Normal,Close Match
57,2019,2019-03-03,Narendra Modi Stadium,Eden,Gujarat Titans,Sunrisers Hyderabad,Gujarat Titans,Bat,Gujarat Titans,4,0,Hardik Pandya,219,2,202,7,Normal,Thrilling Finish
58,2015,2015-03-30,HPCA Stadium,Rajiv,Chennai Super Kings,Kolkata Knight Riders,Kolkata Knight Riders,Field,Chennai Super Kings,0,0,Pat Cummins,173,4,195,5,Tie,Close Match
59,2016,2016-03-15,Wankhede Stadium,Narendra,Rajasthan Royals,Punjab Kings,Punjab Kings,Bat,Punjab Kings,0,6,Narine,259,10,293,2,Normal,Thrilling Finish
60,2014,2014-05-01,Wankhede Stadium,Wankhede,Chennai Super Kings,Punjab Kings,Chennai Super Kings,Bat,Chennai Super Kings,0,0,R Ashwin,231,3,248,5,Tie,One-sided
61,2018,2018-03-05,BRSABV Ekana Stadium,Narendra,Punjab Kings,Mumbai Indians,Punjab Kings,Bat,Punjab Kings,99,0,Shubman Gill,169,8,177,4,Normal,Thrilling Finish
62,2020,2020-04-28,HPCA Stadium,DY,Royal Challengers Bangalore,Rajasthan Royals,Rajasthan Royals,Field,Royal Challengers Bangalore,91,0,Rashid Khan,129,2,89,10,Normal,One-sided
63,2014,2014-05-28,DY Patil Stadium,PCA,Lucknow Super Giants,Royal Challengers Bangalore,Royal Challengers Bangalore,Bat,Lucknow Super Giants,63,0,Bumrah,194,9,189,5,Normal,Last Over Thriller
64,2016,2016-05-25,BRSABV Ekana Stadium,M.A.,Kolkata Knight Riders,Rajasthan Royals,Kolkata Knight Riders,Bat,Rajasthan Royals,0,2,Shubman Gill,131,3,114,10,Normal,One-sided
65,2021,2021-04-18,Arun Jaitley Stadium,BRSABV,Punjab Kings,Kolkata Knight Riders,Punjab Kings,Bat,Punjab Kings,94,0,Chahal,126,2,156,9,Normal,Last Over Thriller
66,2014,2014-03-03,Wankhede Stadium,PCA,Gujarat Titans,Kolkata Knight Riders,Gujarat Titans,Field,Gujarat Titans,100,0,David Warner,176,4,153,9,Normal,Last Over Thriller
67,2015,2015-04-14,DY Patil Stadium,DY,Punjab Kings,Sunrisers Hyderabad,Sunrisers Hyderabad,Field,Sunrisers Hyderabad,0,2,Narine,249,5,217,8,Normal,Last Over Thriller
68,2019,2019-03-29,HPCA Stadium,Arun,Gujarat Titans,Lucknow Super Giants,Gujarat Titans,Field,Gujarat Titans,59,0,Rohit Sharma,141,4,165,10,Normal,One-sided
69,2016,2016-03-24,DY Patil Stadium,DY,Rajasthan Royals,Royal Challengers Bangalore,Rajasthan Royals,Field,Royal Challengers Bangalore,0,0,KL Rahul,201,2,209,8,Tie,Thrilling Finish
70,2023,2023-03-30,HPCA Stadium,Rajiv,Chennai Super Kings,Punjab Kings,Punjab Kings,Field,Chennai Super Kings,71,0,Narine,151,3,120,4,Normal,Close Match
71,2024,2024-03-16,Wankhede Stadium,Rajiv,Punjab Kings,Chennai Super Kings,Chennai Super Kings,Field,Punjab Kings,127,0,Suryakumar Yadav,198,5,235,9,Normal,Last Over Thriller
72,2019,2019-04-22,Eden Gardens,M.,Kolkata Knight Riders,Chennai Super Kings,Chennai Super Kings,Bat,Kolkata Knight Riders,67,0,Boult,136,2,106,2,Normal,Last Over Thriller
73,2014,2014-05-02,PCA Stadium,Rajiv,Royal Challengers Bangalore,Kolkata Knight Riders,Royal Challengers Bangalore,Bat,Kolkata Knight Riders,0,0,David Warner,219,2,187,2,Tie,Last Over Thriller
74,2022,2022-03-23,Eden Gardens,Wankhede,Punjab Kings,Sunrisers Hyderabad,Sunrisers Hyderabad,Bat,Sunrisers Hyderabad,0,0,KL Rahul,154,6,171,3,Tie,One-sided
75,2024,2024-04-28,Sawai Mansingh Stadium,DY,Sunrisers Hyderabad,Kolkata Knight Riders,Kolkata Knight Riders,Field,Kolkata Knight Riders,0,0,MS Dhoni,129,3,126,4,Tie,Dominant Win
76,2018,2018-04-09,M. Chinnaswamy Stadium,Sawai,Chennai Super Kings,Kolkata Knight Riders,Chennai Super Kings,Bat,Chennai Super Kings,55,0,Chahal,156,10,119,9,Normal,Dominant Win
77,2023,2023-04-09,DY Patil Stadium,M.,Rajasthan Royals,Chennai Super Kings,Rajasthan Royals,Bat,Chennai Super Kings,0,0,Rashid Khan,134,4,125,9,Tie,Thrilling Finish
78,2024,2024-04-02,Narendra Modi Stadium,Wankhede,Royal Challengers Bangalore,Lucknow Super Giants,Royal Challengers Bangalore,Field,Royal Challengers Bangalore,0,0,David Warner,254,9,267,9,Tie,Last Over Thriller
79,2014,2014-03-28,M.A. Chidambaram Stadium,Arun,Sunrisers Hyderabad,Royal Challengers Bangalore,Sunrisers Hyderabad,Field,Sunrisers Hyderabad,0,0,KL Rahul,130,7,170,5,Tie,Thrilling Finish
80,2021,2021-05-07,PCA Stadium,Wankhede,Kolkata Knight Riders,Sunrisers Hyderabad,Sunrisers Hyderabad,Field,Kolkata Knight Riders,22,0,Boult,129,3,120,9,Normal,One-sided
81,2021,2021-03-02,Narendra Modi Stadium,M.A.,Lucknow Super Giants,Delhi Capitals,Lucknow Super Giants,Field,Delhi Capitals,0,3,Jadeja,135,4,142,7,Normal,Dominant Win
82,2022,2022-05-11,BRSABV Ekana Stadium,DY,Royal Challengers Bangalore,Mumbai Indians,Royal Challengers Bangalore,Bat,Mumbai Indians,0,0,MS Dhoni,178,2,143,2,Tie,Thrilling Finish
83,2025,2025-03-15,Eden Gardens,M.A.,Gujarat Titans,Lucknow Super Giants,Lucknow Super Giants,Bat,Gujarat Titans,0,0,Jasprit Bumrah,139,9,130,6,Tie,One-sided
84,2014,2014-05-11,BRSABV Ekana Stadium,Narendra,Lucknow Super Giants,Gujarat Titans,Gujarat Titans,Field,Lucknow Super Giants,131,0,MS Dhoni,191,5,197,8,Normal,Close Match
85,2015,2015-05-29,Wankhede Stadium,DY,Rajasthan Royals,Lucknow Super Giants,Rajasthan Royals,Field,Rajasthan Royals,0,0,Boult,133,10,139,2,Tie,Dominant Win
86,2020,2020-05-22,Arun Jaitley Stadium,BRSABV,Sunrisers Hyderabad,Punjab Kings,Punjab Kings,Bat,Sunrisers Hyderabad,74,0,Virat Kohli,133,7,105,7,Normal,Last Over Thriller
87,2024,2024-03-22,BRSABV Ekana Stadium,Narendra,Mumbai Indians,Chennai Super Kings,Mumbai Indians,Bat,Chennai Super Kings,0,0,Rashid Khan,215,8,209,3,Tie,Dominant Win
88,2014,2014-04-15,BRSABV Ekana Stadium,Rajiv,Delhi Capitals,Kolkata Knight Riders,Delhi Capitals,Bat,Kolkata Knight Riders,0,0,Rinku Singh,126,10,159,3,Tie,Dominant Win
89,2022,2022-05-11,DY Patil Stadium,Sawai,Gujarat Titans,Punjab Kings,Gujarat Titans,Field,Punjab Kings,0,8,Narine,253,3,221,4,Normal,Dominant Win
90,2022,2022-04-09,Sawai Mansingh Stadium,PCA,Kolkata Knight Riders,Delhi Capitals,Kolkata Knight Riders,Field,Delhi Capitals,0,0,Narine,142,9,160,8,Tie,Dominant Win
91,2025,2025-03-29,Narendra Modi Stadium,Sawai,Sunrisers Hyderabad,Kolkata Knight Riders,Sunrisers Hyderabad,Bat,Sunrisers Hyderabad,10,0,Rinku Singh,257,10,266,7,Normal,Thrilling Finish
92,2025,2025-04-03,PCA Stadium,Arun,Kolkata Knight Riders,Sunrisers Hyderabad,Sunrisers Hyderabad,Bat,Sunrisers Hyderabad,0,1,Hardik Pandya,171,5,131,4,Normal,Dominant Win
93,2022,2022-03-05,Arun Jaitley Stadium,Wankhede,Delhi Capitals,Mumbai Indians,Mumbai Indians,Bat,Mumbai Indians,0,2,Narine,137,9,153,7,Normal,Dominant Win
94,2025,2025-03-02,M. Chinnaswamy Stadium,Eden,Chennai Super Kings,Sunrisers Hyderabad,Chennai Super Kings,Bat,Sunrisers Hyderabad,0,8,Rinku Singh,208,5,200,7,Normal,Dominant Win
95,2019,2019-03-22,Sawai Mansingh Stadium,HPCA,Chennai Super Kings,Delhi Capitals,Delhi Capitals,Bat,Chennai Super Kings,26,0,Jos Buttler,250,3,233,5,Normal,One-sided
96,2019,2019-04-23,Wankhede Stadium,Wankhede,Delhi Capitals,Gujarat Titans,Gujarat Titans,Bat,Delhi Capitals,0,0,Jasprit Bumrah,221,7,181,3,Tie,Thrilling Finish
97,2024,2024-04-22,Rajiv Gandhi Stadium,DY,Delhi Capitals,Chennai Super Kings,Delhi Capitals,Field,Delhi Capitals,67,0,Chahal,237,3,236,9,Normal,Thrilling Finish
98,2022,2022-04-21,Sawai Mansingh Stadium,M.,Punjab Kings,Kolkata Knight Riders,Kolkata Knight Riders,Bat,Punjab Kings,115,0,Andre Russell,191,10,156,8,Normal,One-sided
99,2023,2023-04-24,BRSABV Ekana Stadium,M.A.,Sunrisers Hyderabad,Royal Challengers Bangalore,Sunrisers Hyderabad,Bat,Royal Challengers Bangalore,0,0,Narine,174,5,160,8,Normal,One-sided
100,2024,2024-04-17,Wankhede Stadium,Rajiv,Kolkata Knight Riders,Gujarat Titans,Kolkata Knight Riders,Bat,Kolkata Knight Riders,0,0,Rinku Singh,208,10,223,7,Tie,Close Match
101,2015,2015-03-06,HPCA Stadium,Eden,Chennai Super Kings,Lucknow Super Giants,Lucknow Super Giants,Bat,Lucknow Super Giants,0,5,MS Dhoni,132,6,150,4,Normal,Close Match
102,2019,2019-05-13,Wankhede Stadium,PCA,Rajasthan Royals,Lucknow Super Giants,Rajasthan Royals,Bat,Lucknow Super Giants,0,6,Jasprit Bumrah,224,2,208,6,Normal,Close Match
103,2018,2018-05-23,Wankhede Stadium,PCA,Lucknow Super Giants,Kolkata Knight Riders,Kolkata Knight Riders,Field,Kolkata Knight Riders,0,0,Jos Buttler,230,8,204,3,Normal,Dominant Win
104,2015,2015-05-13,Arun Jaitley Stadium,DY,Rajasthan Royals,Mumbai Indians,Mumbai Indians,Field,Rajasthan Royals,57,0,Andre Russell,202,2,176,3,Normal,One-sided
105,2018,2018-03-09,BRSABV Ekana Stadium,Eden,Mumbai Indians,Punjab Kings,Punjab Kings,Bat,Punjab Kings,0,3,KL Rahul,224,7,223,6,Normal,One-sided
106,2016,2016-04-15,Eden Gardens,Sawai,Kolkata Knight Riders,Chennai Super Kings,Chennai Super Kings,Bat,Kolkata Knight Riders,28,0,Andre Russell,191,4,167,9,Normal,Thrilling Finish
107,2022,2022-03-04,DY Patil Stadium,M.,Mumbai Indians,Royal Challengers Bangalore,Mumbai Indians,Bat,Royal Challengers Bangalore,0,10,Hardik Pandya,176,10,196,3,Normal,Thrilling Finish
108,2025,2025-04-30,HPCA Stadium,Narendra,Mumbai Indians,Punjab Kings,Mumbai Indians,Field,Punjab Kings,0,7,MS Dhoni,201,7,219,6,Normal,Close Match
109,2023,2023-04-08,HPCA Stadium,DY,Gujarat Titans,Lucknow Super Giants,Gujarat Titans,Field,Gujarat Titans,0,0,Jadeja,144,6,169,4,Tie,Thrilling Finish
110,2017,2017-05-28,Eden Gardens,Eden,Lucknow Super Giants,Punjab Kings,Punjab Kings,Field,Punjab Kings,0,1,Rohit Sharma,196,3,170,7,Normal,Last Over Thriller
111,2020,2020-04-25,Sawai Mansingh Stadium,M.,Gujarat Titans,Mumbai Indians,Gujarat Titans,Field,Gujarat Titans,63,0,Rinku Singh,240,5,232,8,Normal,Close Match
112,2022,2022-03-05,M. Chinnaswamy Stadium,Arun,Delhi Capitals,Rajasthan Royals,Rajasthan Royals,Bat,Delhi Capitals,0,0,Boult,183,5,188,2,Tie,One-sided
113,2025,2025-04-25,Arun Jaitley Stadium,M.A.,Gujarat Titans,Mumbai Indians,Gujarat Titans,Bat,Gujarat Titans,0,0,Shubman Gill,140,3,136,4,Tie,Close Match
114,2025,2025-04-18,Narendra Modi Stadium,M.,Rajasthan Royals,Sunrisers Hyderabad,Sunrisers Hyderabad,Field,Rajasthan Royals,119,0,Andre Russell,232,2,194,4,Normal,Dominant Win
115,2024,2024-03-29,BRSABV Ekana Stadium,DY,Lucknow Super Giants,Kolkata Knight Riders,Lucknow Super Giants,Field,Lucknow Super Giants,48,0,Andre Russell,190,9,178,4,Normal,One-sided
116,2024,2024-03-03,M. Chinnaswamy Stadium,BRSABV,Sunrisers Hyderabad,Lucknow Super Giants,Lucknow Super Giants,Field,Sunrisers Hyderabad,32,0,Suryakumar Yadav,123,6,97,2,Normal,Last Over Thriller
117,2022,2022-05-20,Arun Jaitley Stadium,DY,Sunrisers Hyderabad,Kolkata Knight Riders,Kolkata Knight Riders,Bat,Sunrisers Hyderabad,0,0,Suryakumar Yadav,182,2,222,8,Tie,Last Over Thriller
118,2025,2025-04-14,Narendra Modi Stadium,Sawai,Royal Challengers Bangalore,Lucknow Super Giants,Lucknow Super Giants,Field,Royal Challengers Bangalore,0,0,Jasprit Bumrah,197,4,208,5,Tie,Thrilling Finish
119,2025,2025-04-17,Wankhede Stadium,DY,Lucknow Super Giants,Sunrisers Hyderabad,Sunrisers Hyderabad,Field,Lucknow Super Giants,24,0,KL Rahul,120,5,134,6,Normal,Thrilling Finish
120,2015,2015-05-09,DY Patil Stadium,M.,Chennai Super Kings,Rajasthan Royals,Chennai Super Kings,Bat,Chennai Super Kings,0,0,R Ashwin,210,4,214,7,Tie,Last Over Thriller
121,2019,2019-03-28,DY Patil Stadium,DY,Rajasthan Royals,Lucknow Super Giants,Lucknow Super Giants,Field,Lucknow Super Giants,0,6,Jadeja,210,10,174,6,Normal,One-sided
122,2014,2014-04-15,DY Patil Stadium,Eden,Sunrisers Hyderabad,Punjab Kings,Punjab Kings,Bat,Punjab Kings,0,0,Pat Cummins,204,2,220,6,Tie,Dominant Win
123,2022,2022-03-06,DY Patil Stadium,Wankhede,Royal Challengers Bangalore,Mumbai Indians,Royal Challengers Bangalore,Field,Royal Challengers Bangalore,3,0,Rohit Sharma,203,2,176,7,Normal,Close Match
124,2018,2018-03-22,HPCA Stadium,Narendra,Lucknow Super Giants,Sunrisers Hyderabad,Lucknow Super Giants,Field,Lucknow Super Giants,14,0,David Warner,135,5,134,3,Normal,Close Match
125,2017,2017-05-12,Rajiv Gandhi Stadium,M.,Chennai Super Kings,Lucknow Super Giants,Chennai Super Kings,Field,Lucknow Super Giants,0,3,Shubman Gill,129,10,165,4,Normal,Close Match
126,2020,2020-03-09,PCA Stadium,M.,Rajasthan Royals,Sunrisers Hyderabad,Sunrisers Hyderabad,Field,Sunrisers Hyderabad,0,0,Suryakumar Yadav,194,8,199,5,Normal,One-sided
127,2017,2017-03-15,Rajiv Gandhi Stadium,Wankhede,Lucknow Super Giants,Kolkata Knight Riders,Lucknow Super Giants,Bat,Kolkata Knight Riders,0,4,Jos Buttler,201,5,240,10,Normal,One-sided
128,2014,2014-03-13,Wankhede Stadium,HPCA,Chennai Super Kings,Kolkata Knight Riders,Kolkata Knight Riders,Bat,Chennai Super Kings,0,0,Jos Buttler,221,10,232,7,Tie,Thrilling Finish
129,2015,2015-04-20,HPCA Stadium,PCA,Royal Challengers Bangalore,Sunrisers Hyderabad,Sunrisers Hyderabad,Field,Sunrisers Hyderabad,0,0,Rohit Sharma,160,3,146,2,Tie,Thrilling Finish
130,2019,2019-04-29,Eden Gardens,Wankhede,Mumbai Indians,Sunrisers Hyderabad,Sunrisers Hyderabad,Bat,Sunrisers Hyderabad,0,3,Rinku Singh,223,10,242,2,Normal,Thrilling Finish
131,2014,2014-05-02,PCA Stadium,PCA,Lucknow Super Giants,Rajasthan Royals,Lucknow Super Giants,Bat,Rajasthan Royals,0,4,MS Dhoni,155,7,152,6,Normal,Last Over Thriller
132,2018,2018-04-10,Narendra Modi Stadium,Rajiv,Mumbai Indians,Lucknow Super Giants,Lucknow Super Giants,Bat,Mumbai Indians,97,0,Rashid Khan,195,10,158,3,Normal,Dominant Win
133,2022,2022-04-16,PCA Stadium,DY,Lucknow Super Giants,Kolkata Knight Riders,Kolkata Knight Riders,Bat,Kolkata Knight Riders,0,1,Pat Cummins,247,5,281,10,Normal,Dominant Win
134,2019,2019-03-04,HPCA Stadium,PCA,Rajasthan Royals,Royal Challengers Bangalore,Royal Challengers Bangalore,Field,Royal Challengers Bangalore,0,7,Bumrah,161,8,152,8,Normal,Close Match
135,2016,2016-04-02,Arun Jaitley Stadium,PCA,Kolkata Knight Riders,Punjab Kings,Punjab Kings,Field,Kolkata Knight Riders,120,0,Bumrah,143,4,179,8,Normal,Dominant Win
136,2022,2022-04-15,BRSABV Ekana Stadium,Arun,Punjab Kings,Rajasthan Royals,Punjab Kings,Field,Rajasthan Royals,0,0,R Ashwin,188,2,211,9,Normal,One-sided
137,2020,2020-05-22,Sawai Mansingh Stadium,DY,Delhi Capitals,Kolkata Knight Riders,Kolkata Knight Riders,Field,Kolkata Knight Riders,0,7,Suryakumar Yadav,124,2,100,3,Normal,One-sided
138,2016,2016-05-14,Narendra Modi Stadium,Rajiv,Gujarat Titans,Sunrisers Hyderabad,Sunrisers Hyderabad,Field,Gujarat Titans,120,0,Rinku Singh,214,7,248,7,Normal,Close Match
139,2015,2015-05-15,BRSABV Ekana Stadium,M.,Gujarat Titans,Punjab Kings,Punjab Kings,Field,Punjab Kings,0,4,Boult,223,9,211,9,Normal,One-sided
140,2015,2015-04-18,Wankhede Stadium,PCA,Delhi Capitals,Kolkata Knight Riders,Delhi Capitals,Bat,Kolkata Knight Riders,0,8,Chahal,141,3,169,2,Normal,Dominant Win
141,2022,2022-04-26,Eden Gardens,PCA,Sunrisers Hyderabad,Rajasthan Royals,Sunrisers Hyderabad,Bat,Sunrisers Hyderabad,0,0,Jadeja,207,9,183,4,Tie,Dominant Win
142,2019,2019-05-14,PCA Stadium,Rajiv,Kolkata Knight Riders,Sunrisers Hyderabad,Kolkata Knight Riders,Bat,Kolkata Knight Riders,64,0,Jasprit Bumrah,136,7,153,9,Normal,One-sided
143,2020,2020-05-07,DY Patil Stadium,HPCA,Sunrisers Hyderabad,Punjab Kings,Sunrisers Hyderabad,Field,Punjab Kings,0,9,David Warner,202,7,241,9,Normal,Last Over Thriller
144,2024,2024-05-15,DY Patil Stadium,Arun,Punjab Kings,Delhi Capitals,Punjab Kings,Bat,Punjab Kings,0,0,Chahal,238,8,267,2,Tie,Dominant Win
145,2025,2025-04-08,Narendra Modi Stadium,DY,Royal Challengers Bangalore,Chennai Super Kings,Royal Challengers Bangalore,Bat,Royal Challengers Bangalore,90,0,Narine,202,2,213,9,Normal,Dominant Win
146,2024,2024-05-09,Eden Gardens,M.A.,Kolkata Knight Riders,Rajasthan Royals,Kolkata Knight Riders,Bat,Kolkata Knight Riders,0,0,KL Rahul,233,2,240,9,Tie,Close Match
147,2021,2021-03-16,Eden Gardens,M.A.,Rajasthan Royals,Chennai Super Kings,Rajasthan Royals,Field,Rajasthan Royals,134,0,KL Rahul,143,2,163,6,Normal,Dominant Win
148,2021,2021-05-12,Arun Jaitley Stadium,Sawai,Gujarat Titans,Delhi Capitals,Delhi Capitals,Field,Delhi Capitals,0,0,Rinku Singh,213,3,216,10,Normal,Thrilling Finish
149,2024,2024-04-27,Wankhede Stadium,M.,Sunrisers Hyderabad,Rajasthan Royals,Rajasthan Royals,Field,Rajasthan Royals,0,6,Chahal,235,7,231,6,Normal,Dominant Win
150,2020,2020-03-10,BRSABV Ekana Stadium,HPCA,Lucknow Super Giants,Royal Challengers Bangalore,Royal Challengers Bangalore,Field,Lucknow Super Giants,127,0,Shubman Gill,254,4,265,9,Normal,One-sided
151,2025,2025-04-24,PCA Stadium,Wankhede,Kolkata Knight Riders,Sunrisers Hyderabad,Kolkata Knight Riders,Field,Sunrisers Hyderabad,0,0,Pat Cummins,212,8,247,9,Tie,One-sided
152,2018,2018-03-09,Narendra Modi Stadium,M.A.,Punjab Kings,Mumbai Indians,Punjab Kings,Field,Punjab Kings,15,0,Pat Cummins,198,9,173,9,Normal,Dominant Win
153,2024,2024-05-16,Arun Jaitley Stadium,Rajiv,Chennai Super Kings,Gujarat Titans,Chennai Super Kings,Field,Gujarat Titans,0,0,Hardik Pandya,140,10,107,5,Tie,Dominant Win
154,2018,2018-05-25,Eden Gardens,Eden,Royal Challengers Bangalore,Mumbai Indians,Mumbai Indians,Bat,Mumbai Indians,0,0,Bumrah,219,10,222,8,Tie,Thrilling Finish
155,2021,2021-03-17,PCA Stadium,Sawai,Lucknow Super Giants,Mumbai Indians,Lucknow Super Giants,Bat,Mumbai Indians,0,1,Jadeja,154,10,136,2,Normal,Dominant Win
156,2020,2020-05-22,DY Patil Stadium,Rajiv,Gujarat Titans,Royal Challengers Bangalore,Gujarat Titans,Field,Gujarat Titans,0,0,Bumrah,176,10,171,8,Tie,Last Over Thriller
157,2014,2014-05-10,DY Patil Stadium,Narendra,Lucknow Super Giants,Royal Challengers Bangalore,Royal Challengers Bangalore,Field,Lucknow Super Giants,0,0,KL Rahul,131,3,158,4,Tie,Thrilling Finish
158,2025,2025-04-30,PCA Stadium,Narendra,Royal Challengers Bangalore,Kolkata Knight Riders,Kolkata Knight Riders,Field,Kolkata Knight Riders,0,0,R Ashwin,144,6,175,5,Tie,Last Over Thriller
159,2025,2025-03-28,Narendra Modi Stadium,Rajiv,Lucknow Super Giants,Rajasthan Royals,Rajasthan Royals,Field,Rajasthan Royals,0,7,Andre Russell,164,3,153,7,Normal,Last Over Thriller
160,2018,2018-03-22,Wankhede Stadium,PCA,Punjab Kings,Mumbai Indians,Punjab Kings,Field,Punjab Kings,0,0,Rinku Singh,177,9,174,4,Tie,One-sided
161,2023,2023-05-21,M.A. Chidambaram Stadium,DY,Delhi Capitals,Rajasthan Royals,Delhi Capitals,Field,Delhi Capitals,0,0,Rinku Singh,237,9,241,4,Tie,Thrilling Finish
162,2023,2023-03-27,Eden Gardens,M.,Rajasthan Royals,Royal Challengers Bangalore,Rajasthan Royals,Field,Rajasthan Royals,137,0,Pat Cummins,134,4,167,6,Normal,Close Match
163,2024,2024-04-27,M.A. Chidambaram Stadium,Rajiv,Chennai Super Kings,Lucknow Super Giants,Chennai Super Kings,Field,Lucknow Super Giants,0,0,Suryakumar Yadav,175,4,196,10,Tie,One-sided
164,2021,2021-04-05,Arun Jaitley Stadium,Wankhede,Chennai Super Kings,Sunrisers Hyderabad,Sunrisers Hyderabad,Field,Sunrisers Hyderabad,0,7,Andre Russell,150,5,120,10,Normal,Close Match
165,2017,2017-04-22,BRSABV Ekana Stadium,DY,Lucknow Super Giants,Royal Challengers Bangalore,Lucknow Super Giants,Field,Royal Challengers Bangalore,0,6,Chahal,192,10,210,8,Normal,Thrilling Finish
166,2022,2022-04-04,Arun Jaitley Stadium,DY,Lucknow Super Giants,Sunrisers Hyderabad,Lucknow Super Giants,Field,Sunrisers Hyderabad,0,0,Narine,230,5,226,7,Tie,Close Match
167,2021,2021-03-31,M.A. Chidambaram Stadium,PCA,Chennai Super Kings,Rajasthan Royals,Chennai Super Kings,Field,Chennai Super Kings,76,0,Bumrah,217,6,189,7,Normal,Dominant Win
168,2015,2015-05-08,M. Chinnaswamy Stadium,Wankhede,Punjab Kings,Rajasthan Royals,Punjab Kings,Field,Punjab Kings,0,0,David Warner,231,4,245,6,Tie,Close Match
169,2024,2024-03-20,Rajiv Gandhi Stadium,Arun,Kolkata Knight Riders,Gujarat Titans,Gujarat Titans,Field,Kolkata Knight Riders,20,0,Jasprit Bumrah,141,4,107,3,Normal,One-sided
170,2017,2017-04-02,Rajiv Gandhi Stadium,Arun,Rajasthan Royals,Kolkata Knight Riders,Rajasthan Royals,Field,Kolkata Knight Riders,0,3,Suryakumar Yadav,143,3,107,4,Normal,Last Over Thriller
171,2024,2024-03-22,DY Patil Stadium,Wankhede,Sunrisers Hyderabad,Mumbai Indians,Sunrisers Hyderabad,Bat,Sunrisers Hyderabad,7,0,Suryakumar Yadav,167,10,142,2,Normal,Close Match
172,2015,2015-03-30,PCA Stadium,HPCA,Lucknow Super Giants,Chennai Super Kings,Lucknow Super Giants,Bat,Chennai Super Kings,0,4,Bumrah,173,6,137,2,Normal,Dominant Win
173,2018,2018-05-22,M. Chinnaswamy Stadium,Wankhede,Sunrisers Hyderabad,Kolkata Knight Riders,Sunrisers Hyderabad,Field,Sunrisers Hyderabad,100,0,Pat Cummins,144,9,149,3,Normal,Close Match
174,2014,2014-05-05,Eden Gardens,Arun,Sunrisers Hyderabad,Delhi Capitals,Delhi Capitals,Field,Delhi Capitals,0,0,Rashid Khan,249,7,268,10,Tie,Dominant Win
175,2022,2022-03-11,Arun Jaitley Stadium,Rajiv,Rajasthan Royals,Delhi Capitals,Delhi Capitals,Bat,Delhi Capitals,0,0,Rinku Singh,209,9,204,6,Normal,Last Over Thriller
176,2015,2015-03-18,Wankhede Stadium,HPCA,Chennai Super Kings,Delhi Capitals,Chennai Super Kings,Bat,Chennai Super Kings,0,0,Jasprit Bumrah,124,8,115,6,Tie,Last Over Thriller
177,2025,2025-04-18,Narendra Modi Stadium,Arun,Rajasthan Royals,Punjab Kings,Punjab Kings,Field,Punjab Kings,0,0,Chahal,166,2,195,2,Tie,Close Match
178,2015,2015-04-09,Arun Jaitley Stadium,M.,Mumbai Indians,Gujarat Titans,Mumbai Indians,Bat,Mumbai Indians,29,0,Bumrah,172,3,176,3,Normal,Thrilling Finish
179,2021,2021-03-21,Eden Gardens,Sawai,Royal Challengers Bangalore,Sunrisers Hyderabad,Royal Challengers Bangalore,Bat,Royal Challengers Bangalore,119,0,Jadeja,227,9,190,7,Normal,One-sided
180,2022,2022-03-25,Arun Jaitley Stadium,Rajiv,Delhi Capitals,Chennai Super Kings,Chennai Super Kings,Field,Chennai Super Kings,0,7,Rashid Khan,217,4,225,6,Normal,Dominant Win
181,2016,2016-05-05,M. Chinnaswamy Stadium,M.A.,Mumbai Indians,Lucknow Super Giants,Mumbai Indians,Field,Mumbai Indians,0,0,Bumrah,248,2,240,9,Tie,Close Match
182,2018,2018-03-16,Arun Jaitley Stadium,Eden,Gujarat Titans,Delhi Capitals,Gujarat Titans,Field,Gujarat Titans,101,0,Shubman Gill,217,9,183,8,Normal,Last Over Thriller
183,2016,2016-05-19,Narendra Modi Stadium,Sawai,Gujarat Titans,Punjab Kings,Punjab Kings,Field,Punjab Kings,0,0,Virat Kohli,203,4,242,8,Tie,Last Over Thriller
184,2023,2023-05-11,Eden Gardens,Eden,Kolkata Knight Riders,Sunrisers Hyderabad,Kolkata Knight Riders,Bat,Kolkata Knight Riders,0,0,Rinku Singh,189,10,161,8,Tie,Thrilling Finish
185,2025,2025-05-18,M.A. Chidambaram Stadium,Eden,Gujarat Titans,Sunrisers Hyderabad,Gujarat Titans,Field,Sunrisers Hyderabad,0,0,David Warner,235,6,230,4,Tie,Dominant Win
186,2023,2023-03-12,BRSABV Ekana Stadium,Narendra,Chennai Super Kings,Mumbai Indians,Chennai Super Kings,Bat,Mumbai Indians,0,0,Hardik Pandya,244,2,247,9,Tie,Dominant Win
187,2014,2014-03-21,Rajiv Gandhi Stadium,Eden,Chennai Super Kings,Delhi Capitals,Chennai Super Kings,Field,Chennai Super Kings,0,0,Jos Buttler,226,9,228,9,Tie,Close Match
188,2015,2015-04-14,Arun Jaitley Stadium,HPCA,Gujarat Titans,Lucknow Super Giants,Lucknow Super Giants,Bat,Gujarat Titans,0,0,Rohit Sharma,140,7,162,2,Tie,Dominant Win
189,2020,2020-03-01,M. Chinnaswamy Stadium,BRSABV,Rajasthan Royals,Lucknow Super Giants,Lucknow Super Giants,Bat,Rajasthan Royals,43,0,Jadeja,260,4,291,7,Normal,Last Over Thriller
190,2014,2014-04-13,Sawai Mansingh Stadium,Eden,Sunrisers Hyderabad,Royal Challengers Bangalore,Sunrisers Hyderabad,Bat,Royal Challengers Bangalore,0,10,Virat Kohli,250,5,290,2,Normal,Last Over Thriller
191,2017,2017-03-24,Eden Gardens,HPCA,Lucknow Super Giants,Sunrisers Hyderabad,Sunrisers Hyderabad,Bat,Lucknow Super Giants,50,0,Hardik Pandya,256,7,228,6,Normal,Close Match
192,2016,2016-05-04,Narendra Modi Stadium,M.A.,Royal Challengers Bangalore,Delhi Capitals,Delhi Capitals,Field,Royal Challengers Bangalore,0,0,Chahal,201,10,177,5,Tie,Thrilling Finish
193,2016,2016-03-01,PCA Stadium,DY,Rajasthan Royals,Lucknow Super Giants,Rajasthan Royals,Field,Lucknow Super Giants,0,5,Pat Cummins,201,5,186,9,Normal,Close Match
194,2014,2014-04-01,M.A. Chidambaram Stadium,Sawai,Kolkata Knight Riders,Chennai Super Kings,Chennai Super Kings,Bat,Kolkata Knight Riders,0,0,Jos Buttler,202,10,193,4,Tie,Last Over Thriller
195,2023,2023-03-07,DY Patil Stadium,M.A.,Sunrisers Hyderabad,Rajasthan Royals,Rajasthan Royals,Field,Rajasthan Royals,0,5,Suryakumar Yadav,199,2,212,3,Normal,Thrilling Finish
196,2023,2023-05-14,DY Patil Stadium,Rajiv,Royal Challengers Bangalore,Punjab Kings,Royal Challengers Bangalore,Bat,Royal Challengers Bangalore,0,0,Chahal,166,7,126,6,Tie,Last Over Thriller
197,2019,2019-05-02,Sawai Mansingh Stadium,Wankhede,Mumbai Indians,Kolkata Knight Riders,Mumbai Indians,Field,Mumbai Indians,48,0,Rashid Khan,123,2,158,4,Normal,One-sided
198,2018,2018-05-17,Narendra Modi Stadium,HPCA,Delhi Capitals,Chennai Super Kings,Delhi Capitals,Field,Chennai Super Kings,0,7,Shubman Gill,238,8,228,3,Normal,Last Over Thriller
199,2015,2015-05-23,Wankhede Stadium,Arun,Punjab Kings,Royal Challengers Bangalore,Punjab Kings,Field,Punjab Kings,0,0,Jadeja,218,10,212,10,Tie,Dominant Win
200,2014,2014-04-27,Rajiv Gandhi Stadium,Narendra,Delhi Capitals,Kolkata Knight Riders,Kolkata Knight Riders,Field,Delhi Capitals,65,0,Hardik Pandya,231,7,237,3,Normal,Thrilling Finish
201,2025,2025-03-21,DY Patil Stadium,PCA,Kolkata Knight Riders,Rajasthan Royals,Kolkata Knight Riders,Field,Kolkata Knight Riders,108,0,Jasprit Bumrah,182,7,168,4,Normal,Thrilling Finish
202,2016,2016-03-12,HPCA Stadium,HPCA,Sunrisers Hyderabad,Mumbai Indians,Sunrisers Hyderabad,Field,Sunrisers Hyderabad,100,0,Jadeja,221,8,241,4,Normal,Last Over Thriller
203,2025,2025-04-21,Eden Gardens,BRSABV,Chennai Super Kings,Sunrisers Hyderabad,Sunrisers Hyderabad,Field,Sunrisers Hyderabad,0,6,Jadeja,129,5,131,9,Normal,Last Over Thriller
204,2020,2020-04-11,M.A. Chidambaram Stadium,DY,Rajasthan Royals,Kolkata Knight Riders,Kolkata Knight Riders,Bat,Kolkata Knight Riders,0,8,Jos Buttler,230,5,220,3,Normal,Dominant Win
205,2017,2017-03-15,Sawai Mansingh Stadium,M.,Gujarat Titans,Royal Challengers Bangalore,Gujarat Titans,Bat,Gujarat Titans,67,0,Shubman Gill,253,5,264,3,Normal,One-sided
206,2017,2017-05-14,Arun Jaitley Stadium,DY,Chennai Super Kings,Lucknow Super Giants,Chennai Super Kings,Bat,Lucknow Super Giants,0,0,Narine,200,4,225,2,Tie,Close Match
207,2025,2025-04-25,Rajiv Gandhi Stadium,Wankhede,Punjab Kings,Delhi Capitals,Delhi Capitals,Field,Punjab Kings,66,0,Jasprit Bumrah,206,7,218,4,Normal,Last Over Thriller
208,2025,2025-05-03,M. Chinnaswamy Stadium,Sawai,Royal Challengers Bangalore,Chennai Super Kings,Chennai Super Kings,Bat,Royal Challengers Bangalore,0,0,R Ashwin,224,8,190,3,Tie,Close Match
209,2020,2020-03-28,M. Chinnaswamy Stadium,Rajiv,Chennai Super Kings,Kolkata Knight Riders,Chennai Super Kings,Field,Kolkata Knight Riders,0,0,MS Dhoni,164,8,135,4,Tie,Thrilling Finish
210,2017,2017-04-21,Narendra Modi Stadium,M.A.,Kolkata Knight Riders,Rajasthan Royals,Kolkata Knight Riders,Bat,Rajasthan Royals,0,0,KL Rahul,178,3,139,7,Tie,Close Match
211,2018,2018-03-20,DY Patil Stadium,Rajiv,Sunrisers Hyderabad,Gujarat Titans,Gujarat Titans,Bat,Sunrisers Hyderabad,149,0,Jos Buttler,191,10,208,8,Normal,Close Match
212,2017,2017-04-04,Eden Gardens,PCA,Punjab Kings,Sunrisers Hyderabad,Punjab Kings,Bat,Sunrisers Hyderabad,0,5,Boult,146,10,119,2,Normal,Thrilling Finish
213,2014,2014-05-17,M.A. Chidambaram Stadium,Arun,Lucknow Super Giants,Royal Challengers Bangalore,Royal Challengers Bangalore,Bat,Lucknow Super Giants,0,0,Jasprit Bumrah,245,2,213,4,Tie,Close Match
214,2019,2019-03-17,M.A. Chidambaram Stadium,M.,Royal Challengers Bangalore,Delhi Capitals,Royal Challengers Bangalore,Bat,Royal Challengers Bangalore,121,0,KL Rahul,206,10,235,9,Normal,One-sided
215,2023,2023-05-27,M.A. Chidambaram Stadium,Narendra,Royal Challengers Bangalore,Delhi Capitals,Royal Challengers Bangalore,Bat,Royal Challengers Bangalore,149,0,MS Dhoni,131,2,115,9,Normal,Close Match
216,2023,2023-03-13,DY Patil Stadium,PCA,Mumbai Indians,Kolkata Knight Riders,Kolkata Knight Riders,Bat,Mumbai Indians,0,0,Shubman Gill,208,10,176,5,Tie,Last Over Thriller
217,2015,2015-05-11,M. Chinnaswamy Stadium,M.,Sunrisers Hyderabad,Kolkata Knight Riders,Kolkata Knight Riders,Field,Sunrisers Hyderabad,0,0,Rohit Sharma,183,5,156,4,Tie,Dominant Win
218,2022,2022-05-07,Narendra Modi Stadium,Arun,Kolkata Knight Riders,Gujarat Titans,Gujarat Titans,Bat,Kolkata Knight Riders,0,0,Shubman Gill,241,4,213,8,Tie,One-sided
219,2020,2020-04-17,M.A. Chidambaram Stadium,M.A.,Mumbai Indians,Punjab Kings,Mumbai Indians,Bat,Punjab Kings,0,10,R Ashwin,218,10,223,9,Normal,Thrilling Finish
220,2023,2023-05-23,Narendra Modi Stadium,DY,Kolkata Knight Riders,Royal Challengers Bangalore,Kolkata Knight Riders,Bat,Royal Challengers Bangalore,0,1,Chahal,197,4,173,9,Normal,One-sided
221,2025,2025-04-05,Arun Jaitley Stadium,PCA,Sunrisers Hyderabad,Punjab Kings,Punjab Kings,Bat,Punjab Kings,0,8,Andre Russell,206,2,180,7,Normal,One-sided
222,2024,2024-05-04,Rajiv Gandhi Stadium,Arun,Chennai Super Kings,Delhi Capitals,Chennai Super Kings,Field,Chennai Super Kings,0,0,Andre Russell,128,4,108,3,Tie,Last Over Thriller
223,2017,2017-03-05,BRSABV Ekana Stadium,Arun,Kolkata Knight Riders,Punjab Kings,Kolkata Knight Riders,Bat,Kolkata Knight Riders,0,0,Virat Kohli,214,5,186,7,Tie,One-sided
224,2019,2019-03-07,Sawai Mansingh Stadium,DY,Punjab Kings,Gujarat Titans,Gujarat Titans,Field,Punjab Kings,31,0,Suryakumar Yadav,240,5,270,9,Normal,Close Match
225,2019,2019-04-20,M.A. Chidambaram Stadium,Rajiv,Chennai Super Kings,Punjab Kings,Chennai Super Kings,Field,Chennai Super Kings,89,0,Rinku Singh,182,5,192,7,Normal,Dominant Win
226,2023,2023-05-22,Eden Gardens,DY,Royal Challengers Bangalore,Delhi Capitals,Royal Challengers Bangalore,Bat,Delhi Capitals,0,0,Rinku Singh,189,5,203,8,Normal,Close Match
227,2022,2022-05-28,M.A. Chidambaram Stadium,BRSABV,Sunrisers Hyderabad,Royal Challengers Bangalore,Royal Challengers Bangalore,Field,Royal Challengers Bangalore,0,2,Virat Kohli,168,2,176,6,Normal,Thrilling Finish
228,2025,2025-04-16,HPCA Stadium,M.A.,Rajasthan Royals,Royal Challengers Bangalore,Rajasthan Royals,Bat,Royal Challengers Bangalore,0,0,Rashid Khan,194,5,213,10,Normal,Last Over Thriller
229,2016,2016-04-23,BRSABV Ekana Stadium,Sawai,Kolkata Knight Riders,Mumbai Indians,Kolkata Knight Riders,Field,Kolkata Knight Riders,136,0,Shubman Gill,243,10,268,9,Normal,One-sided
230,2021,2021-04-24,Rajiv Gandhi Stadium,M.A.,Mumbai Indians,Punjab Kings,Punjab Kings,Field,Punjab Kings,0,3,Rashid Khan,175,8,186,6,Normal,Last Over Thriller
231,2016,2016-03-14,Wankhede Stadium,Eden,Punjab Kings,Rajasthan Royals,Rajasthan Royals,Bat,Punjab Kings,0,0,Boult,150,9,168,2,Tie,Dominant Win
232,2021,2021-05-03,Eden Gardens,BRSABV,Rajasthan Royals,Punjab Kings,Punjab Kings,Field,Punjab Kings,0,1,Chahal,241,5,257,3,Normal,Thrilling Finish
233,2018,2018-03-29,M.A. Chidambaram Stadium,Arun,Mumbai Indians,Chennai Super Kings,Chennai Super Kings,Field,Mumbai Indians,0,0,Boult,253,7,220,2,Tie,One-sided
234,2025,2025-03-18,Narendra Modi Stadium,Narendra,Gujarat Titans,Sunrisers Hyderabad,Sunrisers Hyderabad,Bat,Gujarat Titans,0,0,Jadeja,188,8,214,5,Tie,Dominant Win
235,2018,2018-04-21,Sawai Mansingh Stadium,Narendra,Delhi Capitals,Kolkata Knight Riders,Kolkata Knight Riders,Bat,Kolkata Knight Riders,0,0,Boult,150,7,117,4,Tie,One-sided
236,2019,2019-03-22,HPCA Stadium,PCA,Gujarat Titans,Chennai Super Kings,Chennai Super Kings,Field,Gujarat Titans,117,0,R Ashwin,225,5,248,3,Normal,Thrilling Finish
237,2014,2014-05-18,Wankhede Stadium,HPCA,Sunrisers Hyderabad,Punjab Kings,Sunrisers Hyderabad,Field,Punjab Kings,0,8,Andre Russell,152,2,171,6,Normal,Last Over Thriller
238,2025,2025-04-21,DY Patil Stadium,M.,Delhi Capitals,Chennai Super Kings,Chennai Super Kings,Bat,Delhi Capitals,0,0,David Warner,150,6,124,3,Tie,Dominant Win
239,2021,2021-05-19,DY Patil Stadium,M.,Gujarat Titans,Chennai Super Kings,Chennai Super Kings,Field,Chennai Super Kings,0,3,Jadeja,131,6,127,3,Normal,Last Over Thriller
240,2022,2022-04-23,PCA Stadium,M.,Delhi Capitals,Royal Challengers Bangalore,Royal Challengers Bangalore,Bat,Royal Challengers Bangalore,0,2,R Ashwin,171,8,189,9,Normal,Close Match
241,2015,2015-04-21,PCA Stadium,DY,Delhi Capitals,Gujarat Titans,Gujarat Titans,Field,Gujarat Titans,0,3,Chahal,126,5,131,10,Normal,Close Match
242,2023,2023-05-13,Rajiv Gandhi Stadium,Wankhede,Delhi Capitals,Royal Challengers Bangalore,Delhi Capitals,Field,Royal Challengers Bangalore,0,0,Rashid Khan,181,10,188,6,Tie,Last Over Thriller
243,2017,2017-03-25,Rajiv Gandhi Stadium,Rajiv,Chennai Super Kings,Sunrisers Hyderabad,Sunrisers Hyderabad,Field,Chennai Super Kings,0,0,Shubman Gill,186,7,184,6,Tie,One-sided
244,2025,2025-03-15,Rajiv Gandhi Stadium,M.,Royal Challengers Bangalore,Delhi Capitals,Royal Challengers Bangalore,Bat,Royal Challengers Bangalore,135,0,Jasprit Bumrah,208,5,221,6,Normal,Thrilling Finish
245,2016,2016-05-14,BRSABV Ekana Stadium,Wankhede,Delhi Capitals,Royal Challengers Bangalore,Delhi Capitals,Field,Delhi Capitals,111,0,Suryakumar Yadav,227,10,215,2,Normal,Last Over Thriller
246,2014,2014-05-28,HPCA Stadium,PCA,Royal Challengers Bangalore,Rajasthan Royals,Royal Challengers Bangalore,Bat,Royal Challengers Bangalore,33,0,R Ashwin,125,2,124,8,Normal,Close Match
247,2018,2018-05-10,Wankhede Stadium,M.A.,Sunrisers Hyderabad,Kolkata Knight Riders,Sunrisers Hyderabad,Bat,Sunrisers Hyderabad,125,0,Virat Kohli,153,3,187,10,Normal,Last Over Thriller
248,2020,2020-03-31,Eden Gardens,Rajiv,Lucknow Super Giants,Rajasthan Royals,Rajasthan Royals,Field,Lucknow Super Giants,0,0,Jasprit Bumrah,207,9,218,4,Tie,Dominant Win
249,2017,2017-05-11,DY Patil Stadium,Sawai,Gujarat Titans,Delhi Capitals,Delhi Capitals,Bat,Delhi Capitals,0,3,Boult,255,3,271,3,Normal,Thrilling Finish
250,2018,2018-03-10,Narendra Modi Stadium,HPCA,Mumbai Indians,Rajasthan Royals,Mumbai Indians,Bat,Mumbai Indians,51,0,Narine,147,2,131,2,Normal,Thrilling Finish
251,2016,2016-03-28,DY Patil Stadium,Arun,Rajasthan Royals,Gujarat Titans,Rajasthan Royals,Bat,Rajasthan Royals,96,0,Hardik Pandya,145,2,145,9,Normal,Close Match
252,2014,2014-04-17,BRSABV Ekana Stadium,Wankhede,Sunrisers Hyderabad,Rajasthan Royals,Sunrisers Hyderabad,Field,Rajasthan Royals,0,7,Pat Cummins,153,7,143,8,Normal,Close Match
253,2023,2023-04-03,DY Patil Stadium,Eden,Gujarat Titans,Sunrisers Hyderabad,Gujarat Titans,Field,Sunrisers Hyderabad,0,8,Rohit Sharma,245,10,237,8,Normal,Last Over Thriller
254,2021,2021-05-07,BRSABV Ekana Stadium,Eden,Kolkata Knight Riders,Lucknow Super Giants,Kolkata Knight Riders,Bat,Lucknow Super Giants,0,1,Jasprit Bumrah,185,10,167,6,Normal,One-sided
255,2022,2022-05-29,Arun Jaitley Stadium,Eden,Gujarat Titans,Mumbai Indians,Gujarat Titans,Field,Mumbai Indians,0,0,Rinku Singh,256,2,260,4,Tie,Last Over Thriller
256,2018,2018-04-11,DY Patil Stadium,PCA,Mumbai Indians,Punjab Kings,Punjab Kings,Bat,Mumbai Indians,144,0,David Warner,237,2,216,5,Normal,Thrilling Finish
257,2024,2024-04-05,DY Patil Stadium,M.,Punjab Kings,Sunrisers Hyderabad,Sunrisers Hyderabad,Field,Sunrisers Hyderabad,0,0,Rashid Khan,194,4,200,2,Tie,Close Match
258,2015,2015-03-31,Arun Jaitley Stadium,M.,Royal Challengers Bangalore,Chennai Super Kings,Chennai Super Kings,Bat,Chennai Super Kings,0,7,Jos Buttler,259,7,262,9,Normal,Dominant Win
259,2015,2015-05-15,Sawai Mansingh Stadium,HPCA,Rajasthan Royals,Gujarat Titans,Gujarat Titans,Bat,Rajasthan Royals,0,0,KL Rahul,240,3,212,10,Tie,Thrilling Finish
260,2025,2025-05-08,BRSABV Ekana Stadium,Eden,Delhi Capitals,Lucknow Super Giants,Lucknow Super Giants,Bat,Lucknow Super Giants,0,9,Rinku Singh,138,3,110,2,Normal,Close Match
261,2022,2022-03-30,BRSABV Ekana Stadium,Narendra,Chennai Super Kings,Lucknow Super Giants,Lucknow Super Giants,Field,Lucknow Super Giants,0,5,Rohit Sharma,222,3,209,2,Normal,Dominant Win
262,2020,2020-05-21,DY Patil Stadium,M.A.,Chennai Super Kings,Rajasthan Royals,Rajasthan Royals,Field,Rajasthan Royals,0,6,Jadeja,194,6,193,2,Normal,Last Over Thriller
263,2019,2019-04-04,Wankhede Stadium,M.A.,Chennai Super Kings,Royal Challengers Bangalore,Royal Challengers Bangalore,Field,Chennai Super Kings,70,0,Shubman Gill,146,8,160,4,Normal,Thrilling Finish
264,2021,2021-03-25,Rajiv Gandhi Stadium,M.,Punjab Kings,Delhi Capitals,Delhi Capitals,Bat,Delhi Capitals,0,0,Boult,208,8,202,7,Tie,Dominant Win
265,2017,2017-05-29,Wankhede Stadium,DY,Mumbai Indians,Sunrisers Hyderabad,Mumbai Indians,Bat,Mumbai Indians,0,0,Jadeja,171,4,153,2,Tie,One-sided
266,2022,2022-04-04,M.A. Chidambaram Stadium,Wankhede,Sunrisers Hyderabad,Chennai Super Kings,Sunrisers Hyderabad,Bat,Chennai Super Kings,0,0,R Ashwin,124,10,158,6,Tie,One-sided
267,2021,2021-05-05,Wankhede Stadium,Eden,Chennai Super Kings,Sunrisers Hyderabad,Sunrisers Hyderabad,Bat,Chennai Super Kings,13,0,Virat Kohli,192,9,182,3,Normal,Close Match
268,2015,2015-03-04,Narendra Modi Stadium,Sawai,Royal Challengers Bangalore,Chennai Super Kings,Chennai Super Kings,Field,Royal Challengers Bangalore,146,0,Narine,141,2,106,9,Normal,Dominant Win
269,2023,2023-03-26,HPCA Stadium,Narendra,Delhi Capitals,Rajasthan Royals,Rajasthan Royals,Bat,Rajasthan Royals,0,0,Andre Russell,198,7,215,4,Tie,Dominant Win
270,2018,2018-05-14,Rajiv Gandhi Stadium,DY,Gujarat Titans,Sunrisers Hyderabad,Sunrisers Hyderabad,Field,Sunrisers Hyderabad,0,7,Boult,205,4,244,4,Normal,Dominant Win
271,2022,2022-03-12,Rajiv Gandhi Stadium,PCA,Sunrisers Hyderabad,Kolkata Knight Riders,Sunrisers Hyderabad,Field,Kolkata Knight Riders,0,0,Rohit Sharma,181,4,196,8,Tie,Last Over Thriller
272,2016,2016-04-16,HPCA Stadium,Arun,Mumbai Indians,Rajasthan Royals,Mumbai Indians,Field,Mumbai Indians,42,0,Bumrah,169,5,148,3,Normal,Dominant Win
273,2019,2019-03-25,Arun Jaitley Stadium,M.,Kolkata Knight Riders,Rajasthan Royals,Rajasthan Royals,Bat,Rajasthan Royals,0,2,Jadeja,242,5,236,5,Normal,Dominant Win
274,2019,2019-05-23,Eden Gardens,Narendra,Chennai Super Kings,Rajasthan Royals,Rajasthan Royals,Bat,Chennai Super Kings,10,0,Boult,241,6,249,4,Normal,Close Match
275,2023,2023-04-30,M. Chinnaswamy Stadium,M.,Kolkata Knight Riders,Rajasthan Royals,Kolkata Knight Riders,Field,Kolkata Knight Riders,0,0,MS Dhoni,256,10,231,8,Tie,Last Over Thriller
276,2019,2019-03-20,DY Patil Stadium,Sawai,Sunrisers Hyderabad,Delhi Capitals,Sunrisers Hyderabad,Bat,Delhi Capitals,0,0,Jasprit Bumrah,196,5,222,9,Tie,One-sided
277,2022,2022-03-29,PCA Stadium,Wankhede,Kolkata Knight Riders,Gujarat Titans,Kolkata Knight Riders,Field,Gujarat Titans,0,0,Jasprit Bumrah,126,8,132,6,Tie,Thrilling Finish
278,2025,2025-04-20,BRSABV Ekana Stadium,M.A.,Sunrisers Hyderabad,Gujarat Titans,Gujarat Titans,Field,Sunrisers Hyderabad,118,0,KL Rahul,159,10,156,3,Normal,Close Match
279,2014,2014-05-11,DY Patil Stadium,PCA,Royal Challengers Bangalore,Sunrisers Hyderabad,Sunrisers Hyderabad,Field,Sunrisers Hyderabad,0,5,Chahal,142,10,122,3,Normal,Dominant Win
280,2015,2015-05-25,Rajiv Gandhi Stadium,Arun,Kolkata Knight Riders,Mumbai Indians,Mumbai Indians,Field,Mumbai Indians,0,0,Virat Kohli,221,9,261,10,Tie,Last Over Thriller
281,2023,2023-03-11,M. Chinnaswamy Stadium,HPCA,Rajasthan Royals,Punjab Kings,Punjab Kings,Bat,Rajasthan Royals,90,0,Rinku Singh,206,8,228,2,Normal,One-sided
282,2019,2019-03-10,M. Chinnaswamy Stadium,BRSABV,Delhi Capitals,Punjab Kings,Delhi Capitals,Bat,Delhi Capitals,64,0,Rashid Khan,189,9,229,6,Normal,Dominant Win
283,2020,2020-04-21,Rajiv Gandhi Stadium,M.A.,Royal Challengers Bangalore,Lucknow Super Giants,Royal Challengers Bangalore,Bat,Lucknow Super Giants,0,4,Shubman Gill,141,9,162,4,Normal,Close Match
284,2021,2021-05-22,Arun Jaitley Stadium,M.A.,Mumbai Indians,Chennai Super Kings,Chennai Super Kings,Bat,Mumbai Indians,0,0,Andre Russell,194,9,181,6,Tie,Last Over Thriller
285,2019,2019-03-25,DY Patil Stadium,HPCA,Kolkata Knight Riders,Gujarat Titans,Kolkata Knight Riders,Field,Gujarat Titans,0,6,KL Rahul,227,8,256,2,Normal,Last Over Thriller
286,2021,2021-03-14,Narendra Modi Stadium,Arun,Lucknow Super Giants,Kolkata Knight Riders,Kolkata Knight Riders,Field,Lucknow Super Giants,125,0,Narine,208,7,206,5,Normal,Thrilling Finish
287,2019,2019-04-21,Eden Gardens,HPCA,Sunrisers Hyderabad,Chennai Super Kings,Sunrisers Hyderabad,Bat,Chennai Super Kings,0,2,Andre Russell,249,5,211,4,Normal,Close Match
288,2018,2018-03-12,Narendra Modi Stadium,Narendra,Chennai Super Kings,Rajasthan Royals,Rajasthan Royals,Field,Chennai Super Kings,119,0,Rohit Sharma,233,5,210,5,Normal,Dominant Win
289,2020,2020-04-13,Eden Gardens,Eden,Kolkata Knight Riders,Sunrisers Hyderabad,Sunrisers Hyderabad,Bat,Sunrisers Hyderabad,0,9,R Ashwin,179,5,157,9,Normal,Close Match
290,2014,2014-05-23,HPCA Stadium,Sawai,Rajasthan Royals,Royal Challengers Bangalore,Royal Challengers Bangalore,Bat,Rajasthan Royals,0,0,Suryakumar Yadav,232,7,217,4,Tie,Thrilling Finish
291,2025,2025-05-07,PCA Stadium,M.A.,Rajasthan Royals,Sunrisers Hyderabad,Rajasthan Royals,Bat,Sunrisers Hyderabad,0,2,KL Rahul,143,4,123,8,Normal,Thrilling Finish
292,2018,2018-04-12,Rajiv Gandhi Stadium,DY,Royal Challengers Bangalore,Lucknow Super Giants,Lucknow Super Giants,Bat,Lucknow Super Giants,0,0,R Ashwin,252,8,246,9,Normal,Dominant Win
293,2025,2025-03-15,Narendra Modi Stadium,M.A.,Punjab Kings,Lucknow Super Giants,Punjab Kings,Field,Punjab Kings,130,0,Suryakumar Yadav,238,9,231,3,Normal,One-sided
294,2025,2025-05-13,Narendra Modi Stadium,Eden,Delhi Capitals,Lucknow Super Giants,Lucknow Super Giants,Field,Delhi Capitals,46,0,KL Rahul,162,10,135,6,Normal,One-sided
295,2017,2017-03-18,Arun Jaitley Stadium,Sawai,Rajasthan Royals,Mumbai Indians,Rajasthan Royals,Field,Rajasthan Royals,89,0,Jos Buttler,135,6,124,2,Normal,Dominant Win
296,2022,2022-04-15,Wankhede Stadium,BRSABV,Mumbai Indians,Sunrisers Hyderabad,Mumbai Indians,Field,Sunrisers Hyderabad,0,7,Hardik Pandya,252,7,220,5,Normal,Dominant Win
297,2019,2019-04-14,Eden Gardens,HPCA,Lucknow Super Giants,Delhi Capitals,Delhi Capitals,Field,Delhi Capitals,0,0,Boult,194,3,155,2,Tie,Thrilling Finish
298,2016,2016-05-13,M. Chinnaswamy Stadium,M.,Chennai Super Kings,Royal Challengers Bangalore,Royal Challengers Bangalore,Field,Chennai Super Kings,0,0,Jos Buttler,207,5,244,2,Tie,Close Match
299,2018,2018-05-16,Rajiv Gandhi Stadium,DY,Royal Challengers Bangalore,Chennai Super Kings,Royal Challengers Bangalore,Field,Chennai Super Kings,0,0,Jos Buttler,175,2,189,7,Tie,Thrilling Finish
300,2024,2024-04-23,PCA Stadium,M.,Royal Challengers Bangalore,Lucknow Super Giants,Royal Challengers Bangalore,Field,Lucknow Super Giants,0,4,Jasprit Bumrah,259,4,267,3,Normal,Last Over Thriller
301,2021,2021-04-06,Sawai Mansingh Stadium,Arun,Punjab Kings,Mumbai Indians,Punjab Kings,Field,Punjab Kings,0,0,Andre Russell,148,10,144,8,Tie,Last Over Thriller
302,2014,2014-05-04,Wankhede Stadium,M.,Royal Challengers Bangalore,Delhi Capitals,Royal Challengers Bangalore,Bat,Royal Challengers Bangalore,140,0,Virat Kohli,166,5,132,10,Normal,Dominant Win
303,2016,2016-05-15,Sawai Mansingh Stadium,Eden,Lucknow Super Giants,Chennai Super Kings,Lucknow Super Giants,Bat,Chennai Super Kings,0,1,David Warner,168,6,141,5,Normal,Close Match
304,2024,2024-05-05,Narendra Modi Stadium,Arun,Mumbai Indians,Sunrisers Hyderabad,Mumbai Indians,Field,Mumbai Indians,0,0,Jos Buttler,173,3,200,2,Tie,One-sided
305,2015,2015-04-26,M.A. Chidambaram Stadium,M.,Lucknow Super Giants,Gujarat Titans,Lucknow Super Giants,Field,Lucknow Super Giants,73,0,Andre Russell,166,8,168,2,Normal,Last Over Thriller
306,2021,2021-03-21,Eden Gardens,Wankhede,Chennai Super Kings,Royal Challengers Bangalore,Royal Challengers Bangalore,Field,Royal Challengers Bangalore,0,1,Rohit Sharma,204,2,229,9,Normal,Close Match
307,2015,2015-03-21,PCA Stadium,Arun,Gujarat Titans,Sunrisers Hyderabad,Gujarat Titans,Field,Gujarat Titans,63,0,R Ashwin,202,9,162,6,Normal,Close Match
308,2015,2015-05-06,Arun Jaitley Stadium,Sawai,Kolkata Knight Riders,Royal Challengers Bangalore,Royal Challengers Bangalore,Bat,Royal Challengers Bangalore,0,0,Shubman Gill,220,2,207,2,Tie,Dominant Win
309,2024,2024-05-02,Sawai Mansingh Stadium,Eden,Mumbai Indians,Lucknow Super Giants,Mumbai Indians,Field,Mumbai Indians,105,0,Narine,159,2,176,5,Normal,Close Match
310,2016,2016-03-24,Eden Gardens,Narendra,Gujarat Titans,Kolkata Knight Riders,Kolkata Knight Riders,Bat,Kolkata Knight Riders,0,0,Hardik Pandya,207,5,182,9,Tie,Close Match
311,2019,2019-04-05,DY Patil Stadium,BRSABV,Rajasthan Royals,Chennai Super Kings,Rajasthan Royals,Field,Rajasthan Royals,117,0,Jadeja,139,3,103,8,Normal,Last Over Thriller
312,2021,2021-04-03,DY Patil Stadium,HPCA,Punjab Kings,Royal Challengers Bangalore,Royal Challengers Bangalore,Bat,Royal Challengers Bangalore,0,6,Jasprit Bumrah,170,7,184,3,Normal,Close Match
313,2018,2018-05-21,M.A. Chidambaram Stadium,PCA,Delhi Capitals,Mumbai Indians,Mumbai Indians,Bat,Delhi Capitals,0,0,Rashid Khan,179,8,147,2,Tie,One-sided
314,2025,2025-04-16,M.A. Chidambaram Stadium,Rajiv,Chennai Super Kings,Sunrisers Hyderabad,Sunrisers Hyderabad,Field,Chennai Super Kings,118,0,David Warner,198,4,160,9,Normal,Last Over Thriller
315,2017,2017-03-26,BRSABV Ekana Stadium,Eden,Mumbai Indians,Lucknow Super Giants,Lucknow Super Giants,Field,Lucknow Super Giants,0,0,Pat Cummins,163,2,190,9,Tie,One-sided
316,2016,2016-04-09,Rajiv Gandhi Stadium,HPCA,Kolkata Knight Riders,Gujarat Titans,Kolkata Knight Riders,Field,Gujarat Titans,0,9,Virat Kohli,209,9,232,8,Normal,Dominant Win
317,2017,2017-03-08,Wankhede Stadium,BRSABV,Rajasthan Royals,Kolkata Knight Riders,Rajasthan Royals,Bat,Rajasthan Royals,47,0,Pat Cummins,124,3,146,2,Normal,Thrilling Finish
318,2018,2018-03-15,Wankhede Stadium,Narendra,Punjab Kings,Gujarat Titans,Punjab Kings,Bat,Punjab Kings,55,0,Chahal,134,3,151,7,Normal,Close Match
319,2024,2024-03-09,Narendra Modi Stadium,Arun,Delhi Capitals,Gujarat Titans,Delhi Capitals,Bat,Delhi Capitals,0,0,Rinku Singh,131,9,112,3,Tie,Thrilling Finish
320,2015,2015-03-16,M.A. Chidambaram Stadium,M.,Rajasthan Royals,Lucknow Super Giants,Rajasthan Royals,Field,Lucknow Super Giants,0,5,Bumrah,175,8,182,7,Normal,Dominant Win
321,2015,2015-05-15,Eden Gardens,Rajiv,Sunrisers Hyderabad,Mumbai Indians,Mumbai Indians,Field,Sunrisers Hyderabad,0,0,Rinku Singh,184,2,220,6,Tie,Dominant Win
322,2018,2018-04-04,M.A. Chidambaram Stadium,Eden,Royal Challengers Bangalore,Gujarat Titans,Royal Challengers Bangalore,Field,Royal Challengers Bangalore,66,0,Jasprit Bumrah,199,7,188,9,Normal,Dominant Win
323,2015,2015-03-08,Rajiv Gandhi Stadium,M.A.,Delhi Capitals,Kolkata Knight Riders,Delhi Capitals,Field,Kolkata Knight Riders,0,4,Jos Buttler,125,9,159,8,Normal,One-sided
324,2019,2019-03-11,PCA Stadium,M.A.,Lucknow Super Giants,Royal Challengers Bangalore,Lucknow Super Giants,Field,Lucknow Super Giants,11,0,Rashid Khan,212,5,246,8,Normal,One-sided
325,2015,2015-05-12,M.A. Chidambaram Stadium,M.A.,Gujarat Titans,Sunrisers Hyderabad,Gujarat Titans,Bat,Sunrisers Hyderabad,0,4,KL Rahul,247,6,247,10,Normal,Thrilling Finish
326,2018,2018-03-19,M.A. Chidambaram Stadium,DY,Chennai Super Kings,Mumbai Indians,Chennai Super Kings,Field,Chennai Super Kings,0,0,Andre Russell,164,9,124,2,Tie,One-sided
327,2023,2023-03-05,Eden Gardens,Sawai,Lucknow Super Giants,Rajasthan Royals,Lucknow Super Giants,Bat,Lucknow Super Giants,0,0,Suryakumar Yadav,228,10,190,3,Tie,Dominant Win
328,2022,2022-05-26,PCA Stadium,PCA,Delhi Capitals,Rajasthan Royals,Rajasthan Royals,Field,Delhi Capitals,48,0,Chahal,202,5,197,7,Normal,One-sided
329,2023,2023-04-04,PCA Stadium,M.,Gujarat Titans,Kolkata Knight Riders,Kolkata Knight Riders,Field,Gujarat Titans,12,0,Shubman Gill,170,4,195,2,Normal,One-sided
330,2019,2019-04-18,Eden Gardens,HPCA,Rajasthan Royals,Kolkata Knight Riders,Rajasthan Royals,Bat,Kolkata Knight Riders,0,0,Pat Cummins,226,9,246,9,Tie,Last Over Thriller
331,2017,2017-04-16,Rajiv Gandhi Stadium,PCA,Lucknow Super Giants,Punjab Kings,Punjab Kings,Field,Punjab Kings,0,8,Bumrah,181,2,159,3,Normal,One-sided
332,2015,2015-04-15,M.A. Chidambaram Stadium,Eden,Delhi Capitals,Lucknow Super Giants,Lucknow Super Giants,Bat,Delhi Capitals,0,0,Rohit Sharma,161,5,182,6,Tie,One-sided
333,2019,2019-04-05,M.A. Chidambaram Stadium,BRSABV,Kolkata Knight Riders,Punjab Kings,Kolkata Knight Riders,Bat,Punjab Kings,0,6,MS Dhoni,178,9,165,2,Normal,Thrilling Finish
334,2022,2022-05-13,Wankhede Stadium,Rajiv,Punjab Kings,Delhi Capitals,Punjab Kings,Field,Delhi Capitals,0,0,R Ashwin,186,6,178,7,Tie,Thrilling Finish
335,2015,2015-05-08,Eden Gardens,Arun,Gujarat Titans,Mumbai Indians,Mumbai Indians,Bat,Mumbai Indians,0,0,Andre Russell,143,4,113,4,Tie,One-sided
336,2022,2022-05-02,Narendra Modi Stadium,Eden,Lucknow Super Giants,Kolkata Knight Riders,Lucknow Super Giants,Field,Lucknow Super Giants,11,0,Virat Kohli,191,9,204,8,Normal,Last Over Thriller
337,2020,2020-05-26,DY Patil Stadium,M.A.,Rajasthan Royals,Punjab Kings,Punjab Kings,Bat,Rajasthan Royals,0,0,Suryakumar Yadav,253,8,281,3,Tie,One-sided
338,2015,2015-03-18,HPCA Stadium,PCA,Rajasthan Royals,Lucknow Super Giants,Lucknow Super Giants,Bat,Lucknow Super Giants,0,9,Hardik Pandya,259,3,246,8,Normal,One-sided
339,2014,2014-05-15,Arun Jaitley Stadium,Wankhede,Rajasthan Royals,Chennai Super Kings,Chennai Super Kings,Bat,Chennai Super Kings,0,5,Chahal,164,5,153,8,Normal,One-sided
340,2014,2014-03-14,Narendra Modi Stadium,Wankhede,Sunrisers Hyderabad,Kolkata Knight Riders,Sunrisers Hyderabad,Field,Sunrisers Hyderabad,73,0,MS Dhoni,236,3,210,10,Normal,Close Match
341,2018,2018-03-31,Rajiv Gandhi Stadium,Narendra,Royal Challengers Bangalore,Sunrisers Hyderabad,Royal Challengers Bangalore,Bat,Royal Challengers Bangalore,58,0,Suryakumar Yadav,250,10,264,8,Normal,Dominant Win
342,2020,2020-04-19,M.A. Chidambaram Stadium,M.A.,Royal Challengers Bangalore,Gujarat Titans,Royal Challengers Bangalore,Bat,Gujarat Titans,0,8,Jadeja,174,7,196,4,Normal,Close Match
343,2018,2018-03-18,BRSABV Ekana Stadium,BRSABV,Rajasthan Royals,Delhi Capitals,Delhi Capitals,Field,Delhi Capitals,0,0,Hardik Pandya,133,8,137,3,Tie,Last Over Thriller
344,2025,2025-05-06,BRSABV Ekana Stadium,DY,Rajasthan Royals,Gujarat Titans,Gujarat Titans,Field,Gujarat Titans,0,6,Shubman Gill,206,9,208,9,Normal,Dominant Win
345,2021,2021-03-25,DY Patil Stadium,Sawai,Royal Challengers Bangalore,Punjab Kings,Royal Challengers Bangalore,Bat,Punjab Kings,0,7,Virat Kohli,258,10,298,6,Normal,Dominant Win
346,2016,2016-03-08,HPCA Stadium,BRSABV,Lucknow Super Giants,Chennai Super Kings,Chennai Super Kings,Bat,Lucknow Super Giants,0,0,Rashid Khan,134,6,126,6,Tie,Thrilling Finish
347,2022,2022-03-10,DY Patil Stadium,M.A.,Mumbai Indians,Delhi Capitals,Mumbai Indians,Field,Mumbai Indians,0,0,Jasprit Bumrah,184,2,158,6,Tie,Thrilling Finish
348,2024,2024-03-15,Eden Gardens,Eden,Gujarat Titans,Sunrisers Hyderabad,Gujarat Titans,Field,Gujarat Titans,11,0,Andre Russell,227,6,230,2,Normal,Dominant Win
349,2018,2018-04-20,Eden Gardens,Narendra,Delhi Capitals,Mumbai Indians,Mumbai Indians,Bat,Delhi Capitals,0,0,MS Dhoni,129,9,162,8,Tie,Last Over Thriller
350,2017,2017-05-01,Arun Jaitley Stadium,Arun,Lucknow Super Giants,Kolkata Knight Riders,Lucknow Super Giants,Bat,Lucknow Super Giants,47,0,Suryakumar Yadav,145,9,179,3,Normal,Thrilling Finish
351,2022,2022-03-07,BRSABV Ekana Stadium,Eden,Delhi Capitals,Sunrisers Hyderabad,Delhi Capitals,Field,Delhi Capitals,30,0,Andre Russell,159,5,155,4,Normal,Dominant Win
352,2014,2014-04-23,DY Patil Stadium,Wankhede,Rajasthan Royals,Sunrisers Hyderabad,Rajasthan Royals,Bat,Sunrisers Hyderabad,0,9,MS Dhoni,197,6,234,10,Normal,Thrilling Finish
353,2023,2023-03-26,PCA Stadium,Narendra,Sunrisers Hyderabad,Lucknow Super Giants,Lucknow Super Giants,Field,Lucknow Super Giants,0,5,Virat Kohli,214,7,235,7,Normal,One-sided
354,2025,2025-05-18,Sawai Mansingh Stadium,Narendra,Rajasthan Royals,Mumbai Indians,Rajasthan Royals,Field,Mumbai Indians,0,0,Chahal,194,7,214,5,Tie,Dominant Win
355,2020,2020-04-26,Arun Jaitley Stadium,Rajiv,Chennai Super Kings,Lucknow Super Giants,Lucknow Super Giants,Field,Lucknow Super Giants,0,0,Boult,178,3,142,7,Normal,Thrilling Finish
356,2024,2024-03-14,Arun Jaitley Stadium,M.,Gujarat Titans,Delhi Capitals,Delhi Capitals,Bat,Gujarat Titans,119,0,Rinku Singh,167,7,133,5,Normal,Thrilling Finish
357,2023,2023-03-30,Sawai Mansingh Stadium,M.,Gujarat Titans,Delhi Capitals,Delhi Capitals,Field,Gujarat Titans,113,0,Jos Buttler,157,8,156,9,Normal,Thrilling Finish
358,2023,2023-05-28,Wankhede Stadium,BRSABV,Gujarat Titans,Kolkata Knight Riders,Gujarat Titans,Bat,Kolkata Knight Riders,0,0,Bumrah,227,5,190,5,Tie,Thrilling Finish
359,2019,2019-03-30,M. Chinnaswamy Stadium,DY,Delhi Capitals,Royal Challengers Bangalore,Delhi Capitals,Bat,Delhi Capitals,0,0,Virat Kohli,170,4,144,5,Tie,Dominant Win
360,2025,2025-03-20,Arun Jaitley Stadium,BRSABV,Delhi Capitals,Gujarat Titans,Delhi Capitals,Bat,Delhi Capitals,0,0,Shubman Gill,129,7,141,9,Tie,Thrilling Finish
361,2025,2025-05-28,Rajiv Gandhi Stadium,HPCA,Gujarat Titans,Sunrisers Hyderabad,Sunrisers Hyderabad,Field,Gujarat Titans,0,0,Jos Buttler,130,7,110,9,Tie,Thrilling Finish
362,2020,2020-03-08,M. Chinnaswamy Stadium,Eden,Royal Challengers Bangalore,Mumbai Indians,Mumbai Indians,Field,Royal Challengers Bangalore,74,0,Rohit Sharma,212,8,205,8,Normal,One-sided
363,2019,2019-04-08,M. Chinnaswamy Stadium,Sawai,Punjab Kings,Delhi Capitals,Punjab Kings,Bat,Delhi Capitals,0,6,R Ashwin,159,3,158,4,Normal,Dominant Win
364,2020,2020-04-26,BRSABV Ekana Stadium,Arun,Gujarat Titans,Mumbai Indians,Mumbai Indians,Bat,Gujarat Titans,30,0,Rinku Singh,182,10,166,5,Normal,Dominant Win
365,2019,2019-04-19,Eden Gardens,Sawai,Mumbai Indians,Royal Challengers Bangalore,Royal Challengers Bangalore,Field,Royal Challengers Bangalore,0,0,Rashid Khan,200,10,208,7,Tie,Close Match
366,2019,2019-03-19,Rajiv Gandhi Stadium,M.,Gujarat Titans,Punjab Kings,Gujarat Titans,Field,Gujarat Titans,0,0,MS Dhoni,243,10,279,7,Tie,One-sided
367,2018,2018-04-13,BRSABV Ekana Stadium,Eden,Sunrisers Hyderabad,Kolkata Knight Riders,Kolkata Knight Riders,Bat,Kolkata Knight Riders,0,0,Boult,161,4,158,3,Normal,Close Match
368,2023,2023-04-04,DY Patil Stadium,Arun,Chennai Super Kings,Lucknow Super Giants,Lucknow Super Giants,Bat,Chennai Super Kings,18,0,David Warner,172,4,181,8,Normal,Thrilling Finish
369,2017,2017-04-11,BRSABV Ekana Stadium,BRSABV,Kolkata Knight Riders,Royal Challengers Bangalore,Royal Challengers Bangalore,Bat,Kolkata Knight Riders,63,0,Shubman Gill,224,4,245,4,Normal,Thrilling Finish
370,2016,2016-04-21,DY Patil Stadium,M.,Kolkata Knight Riders,Royal Challengers Bangalore,Kolkata Knight Riders,Field,Royal Challengers Bangalore,0,0,Jos Buttler,159,2,127,4,Tie,Close Match
371,2018,2018-04-09,Rajiv Gandhi Stadium,Sawai,Chennai Super Kings,Royal Challengers Bangalore,Chennai Super Kings,Bat,Royal Challengers Bangalore,0,3,Jos Buttler,138,10,137,10,Normal,Dominant Win
372,2017,2017-03-22,Eden Gardens,HPCA,Kolkata Knight Riders,Lucknow Super Giants,Kolkata Knight Riders,Bat,Lucknow Super Giants,0,0,Virat Kohli,174,9,194,9,Tie,Dominant Win
373,2016,2016-05-18,Sawai Mansingh Stadium,PCA,Lucknow Super Giants,Mumbai Indians,Lucknow Super Giants,Bat,Mumbai Indians,0,0,Shubman Gill,235,9,220,10,Tie,Close Match
374,2015,2015-04-23,PCA Stadium,M.A.,Rajasthan Royals,Punjab Kings,Punjab Kings,Field,Punjab Kings,0,6,Andre Russell,224,2,218,4,Normal,Last Over Thriller
375,2016,2016-04-22,M.A. Chidambaram Stadium,M.,Gujarat Titans,Royal Challengers Bangalore,Royal Challengers Bangalore,Bat,Royal Challengers Bangalore,0,0,Chahal,201,7,185,3,Tie,Dominant Win
376,2023,2023-05-25,Narendra Modi Stadium,Sawai,Punjab Kings,Sunrisers Hyderabad,Punjab Kings,Field,Punjab Kings,0,0,KL Rahul,253,8,283,7,Tie,Close Match
377,2019,2019-05-28,PCA Stadium,BRSABV,Kolkata Knight Riders,Gujarat Titans,Gujarat Titans,Field,Kolkata Knight Riders,0,0,MS Dhoni,150,6,132,10,Tie,Last Over Thriller
378,2019,2019-04-05,Wankhede Stadium,M.A.,Punjab Kings,Lucknow Super Giants,Punjab Kings,Field,Punjab Kings,142,0,Rashid Khan,253,5,216,3,Normal,One-sided
379,2021,2021-03-25,DY Patil Stadium,DY,Sunrisers Hyderabad,Lucknow Super Giants,Sunrisers Hyderabad,Field,Sunrisers Hyderabad,0,0,Jos Buttler,256,3,221,7,Tie,Dominant Win
380,2020,2020-03-22,Arun Jaitley Stadium,PCA,Kolkata Knight Riders,Lucknow Super Giants,Kolkata Knight Riders,Field,Lucknow Super Giants,0,7,Virat Kohli,211,10,251,8,Normal,Thrilling Finish
381,2024,2024-05-29,PCA Stadium,Sawai,Gujarat Titans,Mumbai Indians,Mumbai Indians,Bat,Mumbai Indians,0,7,Rashid Khan,154,5,160,6,Normal,Thrilling Finish
382,2016,2016-04-22,Eden Gardens,BRSABV,Royal Challengers Bangalore,Kolkata Knight Riders,Royal Challengers Bangalore,Field,Kolkata Knight Riders,0,6,Jasprit Bumrah,222,10,184,4,Normal,Close Match
383,2024,2024-05-15,Arun Jaitley Stadium,Arun,Royal Challengers Bangalore,Delhi Capitals,Delhi Capitals,Field,Delhi Capitals,0,8,Rashid Khan,125,5,116,3,Normal,Close Match
384,2017,2017-04-19,M.A. Chidambaram Stadium,Rajiv,Rajasthan Royals,Royal Challengers Bangalore,Royal Challengers Bangalore,Field,Rajasthan Royals,67,0,Jos Buttler,240,6,217,3,Normal,Dominant Win
385,2024,2024-04-26,Wankhede Stadium,Rajiv,Kolkata Knight Riders,Rajasthan Royals,Rajasthan Royals,Field,Kolkata Knight Riders,125,0,Pat Cummins,162,8,181,6,Normal,One-sided
386,2020,2020-03-07,BRSABV Ekana Stadium,PCA,Chennai Super Kings,Mumbai Indians,Mumbai Indians,Field,Chennai Super Kings,3,0,Andre Russell,142,3,152,8,Normal,Thrilling Finish
387,2014,2014-05-04,Rajiv Gandhi Stadium,Sawai,Delhi Capitals,Punjab Kings,Punjab Kings,Field,Punjab Kings,0,0,Jos Buttler,131,4,111,9,Tie,Dominant Win
388,2014,2014-03-21,BRSABV Ekana Stadium,Sawai,Rajasthan Royals,Sunrisers Hyderabad,Rajasthan Royals,Field,Sunrisers Hyderabad,0,0,Andre Russell,176,3,196,9,Tie,Close Match
389,2019,2019-04-26,Narendra Modi Stadium,Sawai,Rajasthan Royals,Gujarat Titans,Rajasthan Royals,Bat,Rajasthan Royals,83,0,Suryakumar Yadav,137,6,105,10,Normal,Dominant Win
390,2024,2024-04-19,Arun Jaitley Stadium,Wankhede,Gujarat Titans,Rajasthan Royals,Rajasthan Royals,Bat,Gujarat Titans,131,0,Andre Russell,171,4,155,3,Normal,Dominant Win
391,2021,2021-04-05,Eden Gardens,Rajiv,Punjab Kings,Chennai Super Kings,Chennai Super Kings,Bat,Chennai Super Kings,0,8,Pat Cummins,214,7,254,6,Normal,Close Match
392,2014,2014-04-28,PCA Stadium,Arun,Delhi Capitals,Gujarat Titans,Delhi Capitals,Field,Delhi Capitals,0,0,Rohit Sharma,217,5,231,10,Tie,One-sided
393,2022,2022-04-24,BRSABV Ekana Stadium,Sawai,Delhi Capitals,Rajasthan Royals,Rajasthan Royals,Bat,Delhi Capitals,0,0,Shubman Gill,194,5,188,10,Tie,Thrilling Finish
394,2018,2018-04-12,Rajiv Gandhi Stadium,Arun,Royal Challengers Bangalore,Kolkata Knight Riders,Kolkata Knight Riders,Field,Kolkata Knight Riders,0,0,Hardik Pandya,144,3,157,6,Tie,One-sided
395,2019,2019-03-26,DY Patil Stadium,Sawai,Punjab Kings,Rajasthan Royals,Punjab Kings,Bat,Punjab Kings,61,0,R Ashwin,165,8,174,7,Normal,Thrilling Finish
396,2014,2014-03-25,PCA Stadium,M.,Rajasthan Royals,Chennai Super Kings,Rajasthan Royals,Field,Rajasthan Royals,48,0,Rashid Khan,204,5,200,7,Normal,Close Match
397,2018,2018-05-12,Wankhede Stadium,M.A.,Rajasthan Royals,Sunrisers Hyderabad,Sunrisers Hyderabad,Field,Rajasthan Royals,20,0,Jos Buttler,236,7,249,8,Normal,One-sided
398,2024,2024-03-02,DY Patil Stadium,M.,Mumbai Indians,Delhi Capitals,Delhi Capitals,Bat,Delhi Capitals,0,0,Chahal,208,4,219,9,Tie,Dominant Win
399,2021,2021-03-20,M.A. Chidambaram Stadium,Rajiv,Mumbai Indians,Chennai Super Kings,Mumbai Indians,Bat,Mumbai Indians,130,0,David Warner,226,2,206,2,Normal,Last Over Thriller
400,2015,2015-03-13,Wankhede Stadium,Arun,Chennai Super Kings,Rajasthan Royals,Chennai Super Kings,Field,Chennai Super Kings,89,0,Rohit Sharma,140,10,117,2,Normal,Last Over Thriller
401,2023,2023-05-17,HPCA Stadium,Sawai,Chennai Super Kings,Gujarat Titans,Gujarat Titans,Field,Chennai Super Kings,40,0,Jadeja,199,10,203,3,Normal,Dominant Win
402,2023,2023-04-16,BRSABV Ekana Stadium,Wankhede,Gujarat Titans,Punjab Kings,Gujarat Titans,Bat,Punjab Kings,0,10,Jos Buttler,191,6,215,6,Normal,Close Match
403,2015,2015-05-29,Sawai Mansingh Stadium,Wankhede,Delhi Capitals,Chennai Super Kings,Delhi Capitals,Field,Delhi Capitals,126,0,Chahal,127,10,133,9,Normal,Close Match
404,2016,2016-03-11,Eden Gardens,Sawai,Punjab Kings,Mumbai Indians,Mumbai Indians,Bat,Mumbai Indians,0,0,Andre Russell,171,8,182,6,Normal,Last Over Thriller
405,2020,2020-05-27,BRSABV Ekana Stadium,Sawai,Delhi Capitals,Lucknow Super Giants,Delhi Capitals,Field,Lucknow Super Giants,0,0,Shubman Gill,254,7,273,5,Tie,Thrilling Finish
406,2015,2015-05-13,Narendra Modi Stadium,DY,Delhi Capitals,Royal Challengers Bangalore,Delhi Capitals,Bat,Delhi Capitals,19,0,Suryakumar Yadav,159,3,180,9,Normal,Close Match
407,2025,2025-04-23,Narendra Modi Stadium,Sawai,Delhi Capitals,Lucknow Super Giants,Delhi Capitals,Field,Lucknow Super Giants,0,8,Rashid Khan,215,7,188,4,Normal,Dominant Win
408,2024,2024-05-28,DY Patil Stadium,Eden,Rajasthan Royals,Chennai Super Kings,Rajasthan Royals,Bat,Chennai Super Kings,0,4,Shubman Gill,136,5,167,3,Normal,Last Over Thriller
409,2025,2025-04-12,HPCA Stadium,M.,Gujarat Titans,Mumbai Indians,Gujarat Titans,Bat,Mumbai Indians,0,8,David Warner,178,7,167,5,Normal,Close Match
410,2020,2020-05-24,BRSABV Ekana Stadium,Arun,Rajasthan Royals,Mumbai Indians,Mumbai Indians,Bat,Mumbai Indians,0,2,Andre Russell,198,7,173,5,Normal,Close Match
411,2019,2019-05-08,Eden Gardens,DY,Chennai Super Kings,Lucknow Super Giants,Chennai Super Kings,Field,Lucknow Super Giants,0,5,Rashid Khan,145,5,153,3,Normal,One-sided
412,2021,2021-03-30,M. Chinnaswamy Stadium,M.,Kolkata Knight Riders,Sunrisers Hyderabad,Sunrisers Hyderabad,Bat,Sunrisers Hyderabad,0,1,Andre Russell,157,8,188,9,Normal,Thrilling Finish
413,2016,2016-04-10,BRSABV Ekana Stadium,Sawai,Gujarat Titans,Delhi Capitals,Delhi Capitals,Field,Delhi Capitals,0,1,Bumrah,228,5,237,5,Normal,One-sided
414,2020,2020-05-16,Arun Jaitley Stadium,Eden,Delhi Capitals,Kolkata Knight Riders,Delhi Capitals,Bat,Delhi Capitals,137,0,Jos Buttler,190,9,220,6,Normal,Close Match
415,2019,2019-04-15,M. Chinnaswamy Stadium,Wankhede,Kolkata Knight Riders,Punjab Kings,Kolkata Knight Riders,Bat,Kolkata Knight Riders,0,0,Boult,144,2,120,9,Tie,One-sided
416,2018,2018-05-02,M.A. Chidambaram Stadium,Wankhede,Lucknow Super Giants,Chennai Super Kings,Chennai Super Kings,Field,Lucknow Super Giants,43,0,David Warner,243,5,222,9,Normal,Close Match
417,2014,2014-05-24,Sawai Mansingh Stadium,HPCA,Chennai Super Kings,Lucknow Super Giants,Lucknow Super Giants,Bat,Lucknow Super Giants,0,0,KL Rahul,191,7,203,8,Tie,One-sided
418,2017,2017-03-23,DY Patil Stadium,BRSABV,Royal Challengers Bangalore,Punjab Kings,Royal Challengers Bangalore,Field,Punjab Kings,0,0,Rohit Sharma,256,8,287,10,Tie,Close Match
419,2024,2024-04-13,DY Patil Stadium,M.A.,Delhi Capitals,Lucknow Super Giants,Lucknow Super Giants,Bat,Delhi Capitals,0,0,MS Dhoni,221,3,252,8,Tie,Last Over Thriller
420,2018,2018-04-23,PCA Stadium,DY,Gujarat Titans,Chennai Super Kings,Gujarat Titans,Field,Gujarat Titans,110,0,Suryakumar Yadav,162,8,154,2,Normal,One-sided
421,2025,2025-03-11,Rajiv Gandhi Stadium,M.A.,Royal Challengers Bangalore,Kolkata Knight Riders,Royal Challengers Bangalore,Bat,Royal Challengers Bangalore,46,0,Jasprit Bumrah,165,5,167,3,Normal,One-sided
422,2023,2023-04-10,DY Patil Stadium,Sawai,Kolkata Knight Riders,Rajasthan Royals,Rajasthan Royals,Bat,Rajasthan Royals,0,10,David Warner,220,4,205,6,Normal,Thrilling Finish
423,2021,2021-04-25,Rajiv Gandhi Stadium,Arun,Chennai Super Kings,Rajasthan Royals,Chennai Super Kings,Field,Rajasthan Royals,0,0,David Warner,157,4,146,7,Tie,One-sided
424,2018,2018-04-17,Rajiv Gandhi Stadium,Wankhede,Kolkata Knight Riders,Chennai Super Kings,Kolkata Knight Riders,Bat,Kolkata Knight Riders,139,0,Hardik Pandya,233,3,225,6,Normal,Close Match
425,2015,2015-04-25,Arun Jaitley Stadium,Rajiv,Gujarat Titans,Rajasthan Royals,Rajasthan Royals,Bat,Gujarat Titans,117,0,Virat Kohli,226,7,257,10,Normal,Thrilling Finish
426,2015,2015-04-30,Wankhede Stadium,DY,Gujarat Titans,Rajasthan Royals,Rajasthan Royals,Field,Gujarat Titans,0,0,Jos Buttler,186,2,161,8,Tie,One-sided
427,2022,2022-03-01,Arun Jaitley Stadium,Narendra,Delhi Capitals,Gujarat Titans,Delhi Capitals,Bat,Delhi Capitals,0,0,Rinku Singh,224,10,244,4,Normal,One-sided
428,2025,2025-05-11,Sawai Mansingh Stadium,PCA,Mumbai Indians,Royal Challengers Bangalore,Mumbai Indians,Field,Royal Challengers Bangalore,0,0,Jos Buttler,153,7,116,3,Tie,One-sided
429,2020,2020-05-06,BRSABV Ekana Stadium,Narendra,Chennai Super Kings,Gujarat Titans,Chennai Super Kings,Bat,Gujarat Titans,0,0,Bumrah,145,9,162,2,Tie,One-sided
430,2022,2022-03-31,Eden Gardens,PCA,Royal Challengers Bangalore,Mumbai Indians,Royal Challengers Bangalore,Field,Mumbai Indians,0,8,KL Rahul,199,10,221,3,Normal,Last Over Thriller
431,2020,2020-03-22,Rajiv Gandhi Stadium,Wankhede,Lucknow Super Giants,Delhi Capitals,Delhi Capitals,Bat,Lucknow Super Giants,0,0,Andre Russell,187,2,219,2,Tie,Dominant Win
432,2015,2015-03-21,DY Patil Stadium,Sawai,Delhi Capitals,Sunrisers Hyderabad,Sunrisers Hyderabad,Field,Delhi Capitals,142,0,Hardik Pandya,134,8,163,5,Normal,Last Over Thriller
433,2024,2024-03-16,BRSABV Ekana Stadium,PCA,Lucknow Super Giants,Chennai Super Kings,Lucknow Super Giants,Field,Lucknow Super Giants,22,0,R Ashwin,245,6,280,9,Normal,Last Over Thriller
434,2015,2015-05-11,Eden Gardens,DY,Rajasthan Royals,Punjab Kings,Rajasthan Royals,Field,Rajasthan Royals,120,0,KL Rahul,158,7,127,9,Normal,One-sided
435,2018,2018-05-20,Rajiv Gandhi Stadium,Rajiv,Kolkata Knight Riders,Sunrisers Hyderabad,Sunrisers Hyderabad,Bat,Sunrisers Hyderabad,0,0,KL Rahul,227,7,232,5,Tie,One-sided
436,2020,2020-04-24,HPCA Stadium,HPCA,Delhi Capitals,Kolkata Knight Riders,Delhi Capitals,Bat,Delhi Capitals,11,0,Bumrah,254,6,246,5,Normal,Dominant Win
437,2020,2020-03-08,Rajiv Gandhi Stadium,M.A.,Chennai Super Kings,Gujarat Titans,Chennai Super Kings,Field,Gujarat Titans,0,4,Bumrah,215,3,224,2,Normal,Last Over Thriller
438,2018,2018-04-18,BRSABV Ekana Stadium,Rajiv,Delhi Capitals,Chennai Super Kings,Chennai Super Kings,Field,Chennai Super Kings,0,0,Rinku Singh,128,8,111,7,Normal,Dominant Win
439,2014,2014-03-17,Arun Jaitley Stadium,Wankhede,Royal Challengers Bangalore,Gujarat Titans,Gujarat Titans,Field,Royal Challengers Bangalore,23,0,Pat Cummins,128,8,134,7,Normal,One-sided
440,2018,2018-03-14,DY Patil Stadium,M.A.,Kolkata Knight Riders,Gujarat Titans,Kolkata Knight Riders,Bat,Kolkata Knight Riders,40,0,David Warner,177,2,180,5,Normal,Thrilling Finish
441,2020,2020-05-16,Wankhede Stadium,DY,Mumbai Indians,Royal Challengers Bangalore,Royal Challengers Bangalore,Field,Royal Challengers Bangalore,0,9,KL Rahul,213,2,242,9,Normal,One-sided
442,2025,2025-04-11,PCA Stadium,Arun,Gujarat Titans,Delhi Capitals,Delhi Capitals,Field,Delhi Capitals,0,0,Shubman Gill,148,6,171,2,Tie,Last Over Thriller
443,2018,2018-03-21,Narendra Modi Stadium,Arun,Chennai Super Kings,Sunrisers Hyderabad,Chennai Super Kings,Field,Chennai Super Kings,0,0,Jos Buttler,247,5,284,9,Tie,One-sided
444,2020,2020-04-21,BRSABV Ekana Stadium,M.A.,Delhi Capitals,Punjab Kings,Delhi Capitals,Bat,Punjab Kings,0,10,Rashid Khan,252,5,262,8,Normal,Dominant Win
445,2021,2021-05-24,Eden Gardens,M.,Rajasthan Royals,Kolkata Knight Riders,Rajasthan Royals,Bat,Rajasthan Royals,0,0,Rashid Khan,237,3,229,10,Tie,Close Match
446,2020,2020-05-26,M. Chinnaswamy Stadium,HPCA,Royal Challengers Bangalore,Gujarat Titans,Royal Challengers Bangalore,Field,Gujarat Titans,0,10,Boult,175,10,189,7,Normal,One-sided
447,2024,2024-05-05,M. Chinnaswamy Stadium,Eden,Chennai Super Kings,Royal Challengers Bangalore,Chennai Super Kings,Bat,Royal Challengers Bangalore,0,6,Chahal,200,5,229,3,Normal,Last Over Thriller
448,2020,2020-03-13,DY Patil Stadium,DY,Punjab Kings,Delhi Capitals,Delhi Capitals,Bat,Delhi Capitals,0,2,Bumrah,123,7,106,10,Normal,Close Match
449,2022,2022-05-01,Eden Gardens,Wankhede,Sunrisers Hyderabad,Gujarat Titans,Sunrisers Hyderabad,Field,Gujarat Titans,0,8,Bumrah,259,10,261,9,Normal,One-sided
450,2020,2020-03-27,Wankhede Stadium,Wankhede,Gujarat Titans,Chennai Super Kings,Gujarat Titans,Bat,Chennai Super Kings,0,1,Virat Kohli,210,6,226,10,Normal,Dominant Win
451,2022,2022-03-13,Wankhede Stadium,HPCA,Kolkata Knight Riders,Mumbai Indians,Mumbai Indians,Bat,Mumbai Indians,0,0,Shubman Gill,228,2,252,5,Tie,Dominant Win
452,2023,2023-04-20,M.A. Chidambaram Stadium,Rajiv,Delhi Capitals,Mumbai Indians,Delhi Capitals,Bat,Mumbai Indians,0,2,Rashid Khan,121,9,107,7,Normal,Last Over Thriller
453,2023,2023-03-13,Arun Jaitley Stadium,M.,Lucknow Super Giants,Punjab Kings,Punjab Kings,Bat,Punjab Kings,0,9,Bumrah,200,6,224,5,Normal,One-sided
454,2022,2022-03-18,Eden Gardens,Wankhede,Chennai Super Kings,Sunrisers Hyderabad,Sunrisers Hyderabad,Field,Chennai Super Kings,0,0,Rinku Singh,164,3,189,6,Tie,One-sided
455,2020,2020-03-27,Wankhede Stadium,BRSABV,Kolkata Knight Riders,Delhi Capitals,Kolkata Knight Riders,Bat,Delhi Capitals,0,6,Bumrah,216,2,190,10,Normal,Thrilling Finish
456,2022,2022-05-12,Eden Gardens,Arun,Mumbai Indians,Royal Challengers Bangalore,Royal Challengers Bangalore,Bat,Royal Challengers Bangalore,0,0,David Warner,254,8,250,2,Normal,Dominant Win
457,2019,2019-03-24,BRSABV Ekana Stadium,BRSABV,Rajasthan Royals,Kolkata Knight Riders,Kolkata Knight Riders,Field,Kolkata Knight Riders,0,8,Suryakumar Yadav,145,6,153,5,Normal,Dominant Win
458,2016,2016-04-21,PCA Stadium,Wankhede,Punjab Kings,Lucknow Super Giants,Lucknow Super Giants,Field,Punjab Kings,53,0,Andre Russell,163,2,158,5,Normal,Thrilling Finish
459,2020,2020-05-08,Narendra Modi Stadium,PCA,Sunrisers Hyderabad,Punjab Kings,Punjab Kings,Field,Punjab Kings,0,6,KL Rahul,201,5,231,10,Normal,Thrilling Finish
460,2019,2019-04-05,Rajiv Gandhi Stadium,M.A.,Punjab Kings,Kolkata Knight Riders,Kolkata Knight Riders,Field,Punjab Kings,30,0,Chahal,165,4,200,7,Normal,Last Over Thriller
461,2021,2021-04-23,Arun Jaitley Stadium,BRSABV,Lucknow Super Giants,Punjab Kings,Punjab Kings,Bat,Lucknow Super Giants,109,0,Hardik Pandya,147,10,186,7,Normal,Last Over Thriller
462,2024,2024-04-30,M.A. Chidambaram Stadium,BRSABV,Sunrisers Hyderabad,Delhi Capitals,Sunrisers Hyderabad,Bat,Delhi Capitals,0,2,Virat Kohli,239,6,213,5,Normal,Close Match
463,2022,2022-05-20,Narendra Modi Stadium,Narendra,Mumbai Indians,Lucknow Super Giants,Lucknow Super Giants,Field,Mumbai Indians,0,0,Rinku Singh,212,4,214,2,Tie,Thrilling Finish
464,2014,2014-04-17,Wankhede Stadium,HPCA,Gujarat Titans,Rajasthan Royals,Rajasthan Royals,Bat,Rajasthan Royals,0,3,Hardik Pandya,140,5,139,9,Normal,Thrilling Finish
465,2020,2020-04-12,Wankhede Stadium,DY,Chennai Super Kings,Kolkata Knight Riders,Kolkata Knight Riders,Field,Chennai Super Kings,87,0,Rohit Sharma,136,6,153,9,Normal,Thrilling Finish
466,2017,2017-03-05,Arun Jaitley Stadium,Sawai,Delhi Capitals,Lucknow Super Giants,Delhi Capitals,Bat,Delhi Capitals,48,0,Rohit Sharma,158,3,157,9,Normal,Close Match
467,2014,2014-03-14,Wankhede Stadium,DY,Lucknow Super Giants,Chennai Super Kings,Chennai Super Kings,Field,Chennai Super Kings,0,9,Boult,192,10,195,2,Normal,One-sided
468,2025,2025-04-22,DY Patil Stadium,Eden,Kolkata Knight Riders,Punjab Kings,Kolkata Knight Riders,Bat,Kolkata Knight Riders,89,0,Jadeja,210,10,197,6,Normal,One-sided
469,2018,2018-04-08,BRSABV Ekana Stadium,DY,Kolkata Knight Riders,Rajasthan Royals,Kolkata Knight Riders,Field,Kolkata Knight Riders,60,0,Jasprit Bumrah,249,4,209,9,Normal,Dominant Win
470,2024,2024-03-23,Wankhede Stadium,HPCA,Mumbai Indians,Chennai Super Kings,Mumbai Indians,Field,Mumbai Indians,0,0,KL Rahul,184,6,204,9,Tie,Thrilling Finish
471,2015,2015-03-24,HPCA Stadium,PCA,Rajasthan Royals,Gujarat Titans,Rajasthan Royals,Bat,Rajasthan Royals,28,0,Pat Cummins,136,6,99,5,Normal,Close Match
472,2014,2014-05-01,Sawai Mansingh Stadium,Eden,Gujarat Titans,Sunrisers Hyderabad,Gujarat Titans,Field,Sunrisers Hyderabad,0,9,Jos Buttler,251,5,235,2,Normal,Last Over Thriller
473,2019,2019-04-16,Arun Jaitley Stadium,Wankhede,Rajasthan Royals,Delhi Capitals,Rajasthan Royals,Field,Rajasthan Royals,0,0,Jos Buttler,253,6,282,7,Tie,Thrilling Finish
474,2023,2023-03-26,M.A. Chidambaram Stadium,M.A.,Kolkata Knight Riders,Punjab Kings,Punjab Kings,Field,Kolkata Knight Riders,101,0,David Warner,195,5,219,6,Normal,One-sided
475,2016,2016-04-13,Wankhede Stadium,HPCA,Punjab Kings,Royal Challengers Bangalore,Punjab Kings,Bat,Royal Challengers Bangalore,0,3,Rohit Sharma,128,5,100,8,Normal,One-sided
476,2025,2025-05-26,Sawai Mansingh Stadium,PCA,Mumbai Indians,Chennai Super Kings,Mumbai Indians,Field,Chennai Super Kings,0,0,Jos Buttler,251,7,280,8,Tie,Last Over Thriller
477,2022,2022-03-21,DY Patil Stadium,Eden,Mumbai Indians,Punjab Kings,Mumbai Indians,Field,Mumbai Indians,0,0,MS Dhoni,233,6,194,4,Tie,Close Match
478,2014,2014-04-22,Sawai Mansingh Stadium,Sawai,Gujarat Titans,Sunrisers Hyderabad,Sunrisers Hyderabad,Field,Sunrisers Hyderabad,0,0,R Ashwin,260,3,284,5,Tie,Close Match
479,2023,2023-03-04,Wankhede Stadium,Sawai,Gujarat Titans,Royal Challengers Bangalore,Gujarat Titans,Field,Gujarat Titans,0,0,Narine,171,7,181,8,Tie,Thrilling Finish
480,2018,2018-03-06,M. Chinnaswamy Stadium,Arun,Chennai Super Kings,Delhi Capitals,Delhi Capitals,Bat,Chennai Super Kings,64,0,Bumrah,139,7,115,8,Normal,Dominant Win
481,2014,2014-05-10,Eden Gardens,BRSABV,Sunrisers Hyderabad,Chennai Super Kings,Sunrisers Hyderabad,Bat,Chennai Super Kings,0,2,David Warner,157,3,158,3,Normal,Dominant Win
482,2014,2014-05-11,DY Patil Stadium,M.A.,Rajasthan Royals,Sunrisers Hyderabad,Rajasthan Royals,Bat,Rajasthan Royals,0,0,R Ashwin,141,7,140,4,Tie,One-sided
483,2020,2020-04-20,M.A. Chidambaram Stadium,Arun,Chennai Super Kings,Sunrisers Hyderabad,Sunrisers Hyderabad,Field,Chennai Super Kings,21,0,R Ashwin,221,4,251,6,Normal,Close Match
484,2022,2022-04-23,Eden Gardens,M.,Chennai Super Kings,Punjab Kings,Chennai Super Kings,Bat,Chennai Super Kings,96,0,Bumrah,230,5,258,4,Normal,Last Over Thriller
485,2016,2016-04-01,HPCA Stadium,Sawai,Rajasthan Royals,Punjab Kings,Punjab Kings,Bat,Punjab Kings,0,5,Narine,250,10,290,7,Normal,Last Over Thriller
486,2019,2019-04-25,Wankhede Stadium,Arun,Punjab Kings,Gujarat Titans,Gujarat Titans,Bat,Punjab Kings,0,0,R Ashwin,144,3,134,9,Tie,Dominant Win
487,2017,2017-04-26,PCA Stadium,Arun,Rajasthan Royals,Kolkata Knight Riders,Rajasthan Royals,Field,Kolkata Knight Riders,0,6,Jadeja,207,4,234,9,Normal,Dominant Win
488,2016,2016-05-03,M.A. Chidambaram Stadium,DY,Delhi Capitals,Punjab Kings,Punjab Kings,Bat,Delhi Capitals,63,0,David Warner,199,7,234,8,Normal,Dominant Win
489,2017,2017-05-22,Rajiv Gandhi Stadium,M.A.,Gujarat Titans,Rajasthan Royals,Rajasthan Royals,Bat,Rajasthan Royals,0,7,R Ashwin,120,5,104,7,Normal,Last Over Thriller
490,2015,2015-05-11,Narendra Modi Stadium,Wankhede,Kolkata Knight Riders,Sunrisers Hyderabad,Kolkata Knight Riders,Field,Sunrisers Hyderabad,0,2,Hardik Pandya,230,5,198,5,Normal,One-sided
491,2018,2018-04-20,Sawai Mansingh Stadium,Rajiv,Punjab Kings,Lucknow Super Giants,Lucknow Super Giants,Field,Lucknow Super Giants,0,5,Hardik Pandya,201,8,178,7,Normal,Last Over Thriller
492,2016,2016-04-29,M. Chinnaswamy Stadium,Arun,Punjab Kings,Lucknow Super Giants,Lucknow Super Giants,Bat,Lucknow Super Giants,0,0,Pat Cummins,199,3,205,3,Tie,Thrilling Finish
493,2018,2018-05-07,Wankhede Stadium,HPCA,Kolkata Knight Riders,Sunrisers Hyderabad,Sunrisers Hyderabad,Bat,Sunrisers Hyderabad,0,2,KL Rahul,234,9,251,7,Normal,Dominant Win
494,2025,2025-04-01,BRSABV Ekana Stadium,Arun,Punjab Kings,Mumbai Indians,Punjab Kings,Bat,Mumbai Indians,0,5,MS Dhoni,123,5,98,10,Normal,Thrilling Finish
495,2023,2023-05-06,Arun Jaitley Stadium,Eden,Lucknow Super Giants,Royal Challengers Bangalore,Lucknow Super Giants,Field,Lucknow Super Giants,17,0,Jos Buttler,128,8,156,10,Normal,One-sided
496,2018,2018-05-09,PCA Stadium,M.A.,Gujarat Titans,Sunrisers Hyderabad,Gujarat Titans,Bat,Gujarat Titans,0,0,Jos Buttler,170,4,178,8,Tie,One-sided
497,2020,2020-03-03,M. Chinnaswamy Stadium,Narendra,Rajasthan Royals,Chennai Super Kings,Rajasthan Royals,Bat,Chennai Super Kings,0,8,MS Dhoni,131,10,119,4,Normal,Close Match
498,2023,2023-03-16,M.A. Chidambaram Stadium,Arun,Lucknow Super Giants,Chennai Super Kings,Lucknow Super Giants,Field,Chennai Super Kings,0,6,R Ashwin,245,3,277,3,Normal,One-sided
499,2014,2014-03-03,PCA Stadium,PCA,Punjab Kings,Delhi Capitals,Punjab Kings,Field,Delhi Capitals,0,5,R Ashwin,250,8,257,9,Normal,Thrilling Finish
500,2015,2015-04-16,BRSABV Ekana Stadium,Arun,Punjab Kings,Royal Challengers Bangalore,Punjab Kings,Bat,Royal Challengers Bangalore,0,0,Rinku Singh,134,6,154,6,Tie,One-sided
